CREATE DATABASE StudyStage;
grant all privileges on cool_db.* to 'webapp'@'%';
flush privileges;
USE StudyStage;

CREATE TABLE Student (
  StudentID INT AUTO_INCREMENT PRIMARY KEY,
  FirstName VARCHAR(255) NOT NULL,
  LastName VARCHAR(255) NOT NULL,
  Year INT NOT NULL,
  GPA FLOAT NOT NULL
);

CREATE TABLE Professor (
  FacultyID INT AUTO_INCREMENT PRIMARY KEY,
  FirstName VARCHAR(255) NOT NULL,
  LastName VARCHAR(255) NOT NULL,
  Year_Hired INT NOT NULL,
  Tenured BOOLEAN NOT NULL
);

CREATE TABLE TeachingAssistant (
  TAID INT AUTO_INCREMENT PRIMARY KEY,
  FirstName VARCHAR(255) NOT NULL,
  LastName VARCHAR(255) NOT NULL,
  Semesters_Worked INT NOT NULL,
  Hourly_Wage FLOAT NOT NULL
);

CREATE TABLE StudyGroup (
  GroupID INT AUTO_INCREMENT PRIMARY KEY,
  Capacity INT NOT NULL,
  Description TEXT,
  Start_Time TIME NOT NULL,
  End_Time TIME NOT NULL,
  CourseCode VARCHAR(255) NOT NULL,
  StudentID INT NOT NULL,
  FOREIGN KEY (StudentID) REFERENCES Student(StudentID) ON DELETE CASCADE
);

CREATE TABLE Class (
  CourseCode VARCHAR(255) PRIMARY KEY,
  Subject VARCHAR(255) NOT NULL,
  Title VARCHAR(255) NOT NULL,
  Description VARCHAR(255),
  NumStudentsEnrolled INT NOT NULL,
  StartTime TIME NOT NULL,
  EndTime TIME NOT NULL,
  Days_of_Week VARCHAR(7) NOT NULL,
  FacultyID INT NOT NULL,
  FOREIGN KEY (FacultyID) REFERENCES Professor(FacultyID)
);

CREATE TABLE OfficeHours (
  OfficeHoursID INT AUTO_INCREMENT PRIMARY KEY,
  Start_Time TIME NOT NULL,
  End_Time TIME NOT NULL,
  CourseCode VARCHAR(255) NOT NULL,
  TA_ID INT NOT NULL,
  FOREIGN KEY (CourseCode) REFERENCES Class(CourseCode),
  FOREIGN KEY (TA_ID) REFERENCES TeachingAssistant(TAID)
);

CREATE TABLE Location (
  LocationID INT AUTO_INCREMENT PRIMARY KEY,
  BuildingName VARCHAR(255),
  RoomNumber VARCHAR(255),
  NumberOfSeats INT,
  Link VARCHAR(255)
);

CREATE TABLE Assignment (
  AssignmentID INT AUTO_INCREMENT PRIMARY KEY,
  Title VARCHAR(255) NOT NULL,
  Description TEXT,
  InGroups BOOLEAN NOT NULL,
  CourseCode VARCHAR(255) NOT NULL,
  TA_ID INT NOT NULL,
  FOREIGN KEY (CourseCode) REFERENCES Class(CourseCode),
  FOREIGN KEY (TA_ID) REFERENCES TeachingAssistant(TAID)
);

CREATE TABLE Student_Class (
  StudentID INT NOT NULL,
  CourseCode VARCHAR(255) NOT NULL,
  FOREIGN KEY (StudentID) REFERENCES Student(StudentID) ON DELETE CASCADE,
  FOREIGN KEY (CourseCode) REFERENCES Class(CourseCode) ON DELETE CASCADE,
  PRIMARY KEY (StudentID, CourseCode)
);

CREATE TABLE Professor_Class (
  FacultyID INT NOT NULL,
  CourseCode VARCHAR(255) NOT NULL,
  FOREIGN KEY (FacultyID) REFERENCES Professor(FacultyID) ON DELETE CASCADE,
  FOREIGN KEY (CourseCode) REFERENCES Class(CourseCode) ON DELETE CASCADE,
  PRIMARY KEY (FacultyID, CourseCode)
);

CREATE TABLE StudyGroup_Location (
  GroupID INT NOT NULL,
  LocationID INT NOT NULL,
  FOREIGN KEY (GroupID) REFERENCES StudyGroup(GroupID) ON DELETE CASCADE,
  FOREIGN KEY (LocationID) REFERENCES Location(LocationID) ON DELETE CASCADE,
  PRIMARY KEY (GroupID, LocationID)
);

CREATE TABLE OfficeHours_Location (
  OfficeHoursID INT NOT NULL,
  LocationID INT NOT NULL,
  FOREIGN KEY (OfficeHoursID) REFERENCES OfficeHours(OfficeHoursID) ON DELETE CASCADE,
  FOREIGN KEY (LocationID) REFERENCES Location(LocationID) ON DELETE CASCADE,
  PRIMARY KEY (OfficeHoursID, LocationID)
);

CREATE TABLE StudyGroup_Assignment (
  GroupID INT NOT NULL,
  AssignmentID INT NOT NULL,
  FOREIGN KEY (GroupID) REFERENCES StudyGroup(GroupID) ON DELETE CASCADE,
  FOREIGN KEY (AssignmentID) REFERENCES Assignment(AssignmentID) ON DELETE CASCADE,
  PRIMARY KEY (GroupID, AssignmentID)
);

CREATE TABLE Attends_Group (
  StudentID INT NOT NULL,
  StudyGroupID INT NOT NULL,
  FOREIGN KEY (StudentID) REFERENCES Student(StudentID) ON DELETE CASCADE,
  FOREIGN KEY (StudyGroupID) REFERENCES StudyGroup(GroupID) ON DELETE CASCADE,
  PRIMARY KEY(StudentID, StudyGroupID)
);

CREATE TABLE Attends_OH (
  StudentID INT NOT NULL,
  OfficeHoursID INT NOT NULL,
  AssignmentID INT NOT NULL,
  FOREIGN KEY (StudentID) REFERENCES Student(StudentID) ON DELETE CASCADE,
  FOREIGN KEY (OfficeHoursID) REFERENCES OfficeHours (OfficeHoursID) ON DELETE CASCADE,
  FOREIGN KEY (AssignmentID) REFERENCES Assignment(AssignmentID) ON DELETE CASCADE,
  PRIMARY KEY (StudentID, OfficeHoursID, AssignmentID)
);

CREATE TABLE TUTORS_CLASS (
  TA_ID INT NOT NULL,
  ClassID VARCHAR(255) NOT NULL,
  FOREIGN KEY (TA_ID) REFERENCES TeachingAssistant (TAID) ON DELETE CASCADE,
  FOREIGN KEY (ClassID) REFERENCES Class(CourseCode) ON DELETE CASCADE,
  PRIMARY KEY (TA_ID, ClassID)
);

-- Mock Data Generated by Mockaroo (https://www.mockaroo.com/)
-- and Google Bard (https://bard.google.com/chat)

insert into Student (FirstName, LastName, Year, GPA) values ('Manfred', 'Bloodworthe', 2024, 2.3);
insert into Student (FirstName, LastName, Year, GPA) values ('Conni', 'Prando', 2022, 2.2);
insert into Student (FirstName, LastName, Year, GPA) values ('Ambur', 'Ibbitson', 2023, 2.7);
insert into Student (FirstName, LastName, Year, GPA) values ('Lane', 'Sango', 2022, 0.1);
insert into Student (FirstName, LastName, Year, GPA) values ('Tommy', 'Tschursch', 2023, 1.7);
insert into Student (FirstName, LastName, Year, GPA) values ('Maddy', 'Saggers', 2023, 3.4);
insert into Student (FirstName, LastName, Year, GPA) values ('Shaughn', 'Cutchie', 2023, 1.7);
insert into Student (FirstName, LastName, Year, GPA) values ('Bradly', 'Pharoah', 2024, 0.2);
insert into Student (FirstName, LastName, Year, GPA) values ('Chales', 'Beveredge', 2022, 2.8);
insert into Student (FirstName, LastName, Year, GPA) values ('Robbin', 'Whyte', 2023, 1.5);
insert into Student (FirstName, LastName, Year, GPA) values ('Annadiana', 'Gowling', 2022, 2.3);
insert into Student (FirstName, LastName, Year, GPA) values ('Chariot', 'Henstridge', 2022, 3.7);
insert into Student (FirstName, LastName, Year, GPA) values ('Dunstan', 'Catt', 2024, 3.7);
insert into Student (FirstName, LastName, Year, GPA) values ('Hannis', 'Mountlow', 2023, 1.5);
insert into Student (FirstName, LastName, Year, GPA) values ('Gerek', 'Hollingdale', 2023, 2.1);
insert into Student (FirstName, LastName, Year, GPA) values ('Krissie', 'Ram', 2023, 2.6);
insert into Student (FirstName, LastName, Year, GPA) values ('Barrett', 'Sieur', 2024, 0.9);
insert into Student (FirstName, LastName, Year, GPA) values ('Ingelbert', 'Daldry', 2022, 1.3);
insert into Student (FirstName, LastName, Year, GPA) values ('Derward', 'McIlraith', 2023, 3.9);
insert into Student (FirstName, LastName, Year, GPA) values ('Randall', 'Danilishin', 2022, 2.2);
insert into Student (FirstName, LastName, Year, GPA) values ('Kinna', 'Priestley', 2024, 2.0);
insert into Student (FirstName, LastName, Year, GPA) values ('Elladine', 'Klewer', 2023, 1.7);
insert into Student (FirstName, LastName, Year, GPA) values ('Leisha', 'Putten', 2022, 2.4);
insert into Student (FirstName, LastName, Year, GPA) values ('Isaac', 'Safe', 2023, 3.1);
insert into Student (FirstName, LastName, Year, GPA) values ('Ethe', 'Cribbin', 2022, 3.8);
insert into Student (FirstName, LastName, Year, GPA) values ('Tann', 'Smickle', 2022, 2.1);
insert into Student (FirstName, LastName, Year, GPA) values ('Ellary', 'Bullon', 2022, 3.2);
insert into Student (FirstName, LastName, Year, GPA) values ('Gerik', 'Keady', 2023, 1.5);
insert into Student (FirstName, LastName, Year, GPA) values ('Freddie', 'Voss', 2024, 3.4);
insert into Student (FirstName, LastName, Year, GPA) values ('Robers', 'Laughrey', 2023, 3.8);
insert into Student (FirstName, LastName, Year, GPA) values ('Nat', 'Poundford', 2022, 1.2);
insert into Student (FirstName, LastName, Year, GPA) values ('Kristina', 'Roome', 2024, 1.1);
insert into Student (FirstName, LastName, Year, GPA) values ('Luciano', 'Cranmere', 2023, 1.6);
insert into Student (FirstName, LastName, Year, GPA) values ('Ari', 'Quakley', 2024, 2.5);
insert into Student (FirstName, LastName, Year, GPA) values ('Tadio', 'D''eath', 2022, 2.3);
insert into Student (FirstName, LastName, Year, GPA) values ('Desiree', 'Mulran', 2023, 2.2);
insert into Student (FirstName, LastName, Year, GPA) values ('Diann', 'Gemlett', 2023, 1.5);
insert into Student (FirstName, LastName, Year, GPA) values ('Sheffield', 'Gilfoyle', 2022, 1.9);
insert into Student (FirstName, LastName, Year, GPA) values ('Rees', 'Vasilic', 2022, 3.3);
insert into Student (FirstName, LastName, Year, GPA) values ('Vivian', 'Landeg', 2023, 0.1);
insert into Student (FirstName, LastName, Year, GPA) values ('Dee dee', 'O''Corhane', 2023, 1.9);
insert into Student (FirstName, LastName, Year, GPA) values ('Boigie', 'Rollings', 2022, 0.6);
insert into Student (FirstName, LastName, Year, GPA) values ('Delila', 'Pengilly', 2024, 2.3);
insert into Student (FirstName, LastName, Year, GPA) values ('Domenic', 'Heake', 2023, 2.9);
insert into Student (FirstName, LastName, Year, GPA) values ('Auguste', 'Harland', 2024, 3.2);
insert into Student (FirstName, LastName, Year, GPA) values ('Anatole', 'Bramall', 2023, 3.3);
insert into Student (FirstName, LastName, Year, GPA) values ('Gannon', 'Girling', 2024, 3.7);
insert into Student (FirstName, LastName, Year, GPA) values ('Theodor', 'Howieson', 2023, 1.7);
insert into Student (FirstName, LastName, Year, GPA) values ('Melamie', 'Castellan', 2024, 2.3);
insert into Student (FirstName, LastName, Year, GPA) values ('Etan', 'Calles', 2023, 2.2);
insert into Student (FirstName, LastName, Year, GPA) values ('Shandra', 'Wetherick', 2024, 1.5);
insert into Student (FirstName, LastName, Year, GPA) values ('Noemi', 'Vegas', 2022, 3.7);
insert into Student (FirstName, LastName, Year, GPA) values ('Damon', 'Geertje', 2024, 2.8);
insert into Student (FirstName, LastName, Year, GPA) values ('Yanaton', 'Polglase', 2023, 2.3);
insert into Student (FirstName, LastName, Year, GPA) values ('Sofie', 'Landal', 2024, 0.3);
insert into Student (FirstName, LastName, Year, GPA) values ('Cal', 'Shardlow', 2023, 0.6);
insert into Student (FirstName, LastName, Year, GPA) values ('Ashlie', 'Lutton', 2024, 0.2);
insert into Student (FirstName, LastName, Year, GPA) values ('Derek', 'Braxton', 2024, 1.2);
insert into Student (FirstName, LastName, Year, GPA) values ('Hersh', 'Dilston', 2024, 0.7);
insert into Student (FirstName, LastName, Year, GPA) values ('Elvin', 'Garrie', 2023, 1.9);
insert into Student (FirstName, LastName, Year, GPA) values ('Livvyy', 'Pigeram', 2023, 2.1);
insert into Student (FirstName, LastName, Year, GPA) values ('Arri', 'Canto', 2022, 3.2);
insert into Student (FirstName, LastName, Year, GPA) values ('Matti', 'MacShirie', 2023, 2.5);
insert into Student (FirstName, LastName, Year, GPA) values ('Ebba', 'Cicculini', 2024, 1.8);
insert into Student (FirstName, LastName, Year, GPA) values ('Romonda', 'Girtin', 2022, 2.8);
insert into Student (FirstName, LastName, Year, GPA) values ('Gabriel', 'Demcik', 2022, 1.9);
insert into Student (FirstName, LastName, Year, GPA) values ('Vassily', 'Blazejewski', 2022, 1.8);
insert into Student (FirstName, LastName, Year, GPA) values ('Diane', 'Amner', 2024, 2.4);
insert into Student (FirstName, LastName, Year, GPA) values ('Fabiano', 'Gunningham', 2023, 3.3);
insert into Student (FirstName, LastName, Year, GPA) values ('Humfried', 'Oakwood', 2024, 2.2);
insert into Student (FirstName, LastName, Year, GPA) values ('Werner', 'Jubert', 2023, 1.1);
insert into Student (FirstName, LastName, Year, GPA) values ('Gladys', 'Martineau', 2023, 1.3);
insert into Student (FirstName, LastName, Year, GPA) values ('Jamey', 'Willeson', 2022, 2.5);
insert into Student (FirstName, LastName, Year, GPA) values ('Adoree', 'Davidman', 2022, 3.2);
insert into Student (FirstName, LastName, Year, GPA) values ('Derrick', 'Fairholme', 2023, 0.1);
insert into Student (FirstName, LastName, Year, GPA) values ('Tiphani', 'McComb', 2023, 0.4);
insert into Student (FirstName, LastName, Year, GPA) values ('Irita', 'Breckin', 2023, 2.1);
insert into Student (FirstName, LastName, Year, GPA) values ('Liliane', 'Pedycan', 2022, 1.4);
insert into Student (FirstName, LastName, Year, GPA) values ('Ulric', 'Capper', 2023, 2.6);
insert into Student (FirstName, LastName, Year, GPA) values ('Neysa', 'Petofi', 2024, 2.8);
insert into Student (FirstName, LastName, Year, GPA) values ('Pacorro', 'Randles', 2022, 1.8);
insert into Student (FirstName, LastName, Year, GPA) values ('Desdemona', 'Auchinleck', 2022, 0.8);
insert into Student (FirstName, LastName, Year, GPA) values ('Elenore', 'Trimming', 2024, 3.0);
insert into Student (FirstName, LastName, Year, GPA) values ('Gaye', 'Causer', 2023, 0.9);
insert into Student (FirstName, LastName, Year, GPA) values ('Sonny', 'Kirmond', 2023, 0.5);
insert into Student (FirstName, LastName, Year, GPA) values ('Ruy', 'Domelow', 2024, 3.9);
insert into Student (FirstName, LastName, Year, GPA) values ('Dallas', 'Kerbey', 2024, 0.6);
insert into Student (FirstName, LastName, Year, GPA) values ('Roxi', 'Lyttle', 2024, 2.7);
insert into Student (FirstName, LastName, Year, GPA) values ('Dene', 'Wemyss', 2023, 2.8);
insert into Student (FirstName, LastName, Year, GPA) values ('Gabi', 'Pfertner', 2023, 2.6);
insert into Student (FirstName, LastName, Year, GPA) values ('Ilyse', 'McCready', 2022, 3.0);
insert into Student (FirstName, LastName, Year, GPA) values ('Egan', 'McFee', 2023, 0.2);
insert into Student (FirstName, LastName, Year, GPA) values ('Virgina', 'Alenichicov', 2022, 0.9);
insert into Student (FirstName, LastName, Year, GPA) values ('Devland', 'Matei', 2024, 0.1);
insert into Student (FirstName, LastName, Year, GPA) values ('Idalia', 'Dearnaley', 2023, 1.3);
insert into Student (FirstName, LastName, Year, GPA) values ('Marcos', 'Younglove', 2023, 1.9);
insert into Student (FirstName, LastName, Year, GPA) values ('Dulciana', 'Hacker', 2024, 3.5);
insert into Student (FirstName, LastName, Year, GPA) values ('Brockie', 'Rackham', 2023, 2.7);
insert into Student (FirstName, LastName, Year, GPA) values ('Misti', 'Scotney', 2023, 2.8);
insert into Student (FirstName, LastName, Year, GPA) values ('Leodora', 'Le feuvre', 2023, 3.8);


insert into Professor (FirstName, LastName, Year_Hired, Tenured) values ('Cristabel', 'Novak', 2005, true);
insert into Professor (FirstName, LastName, Year_Hired, Tenured) values ('Brittani', 'Beecraft', 2008, false);
insert into Professor (FirstName, LastName, Year_Hired, Tenured) values ('Sal', 'Grafom', 2012, false);
insert into Professor (FirstName, LastName, Year_Hired, Tenured) values ('Linea', 'Southey', 2016, true);
insert into Professor (FirstName, LastName, Year_Hired, Tenured) values ('Boone', 'Castles', 2019, false);
insert into Professor (FirstName, LastName, Year_Hired, Tenured) values ('Sonnnie', 'Rubenovic', 2000, true);
insert into Professor (FirstName, LastName, Year_Hired, Tenured) values ('Yorgos', 'O'' Hanvey', 2008, true);
insert into Professor (FirstName, LastName, Year_Hired, Tenured) values ('Roxie', 'O''Gavin', 2018, false);
insert into Professor (FirstName, LastName, Year_Hired, Tenured) values ('Lek', 'Essame', 2023, true);
insert into Professor (FirstName, LastName, Year_Hired, Tenured) values ('Padriac', 'Sabie', 2017, false);
insert into Professor (FirstName, LastName, Year_Hired, Tenured) values ('Leeanne', 'Sline', 2005, true);
insert into Professor (FirstName, LastName, Year_Hired, Tenured) values ('Urban', 'Bertlin', 2014, false);
insert into Professor (FirstName, LastName, Year_Hired, Tenured) values ('Basilius', 'Clowton', 2016, false);
insert into Professor (FirstName, LastName, Year_Hired, Tenured) values ('Alayne', 'Hawgood', 2014, false);
insert into Professor (FirstName, LastName, Year_Hired, Tenured) values ('Jarvis', 'Ritchie', 2006, false);
insert into Professor (FirstName, LastName, Year_Hired, Tenured) values ('Jenelle', 'Marquiss', 2011, false);
insert into Professor (FirstName, LastName, Year_Hired, Tenured) values ('Hyacintha', 'Astley', 2020, false);
insert into Professor (FirstName, LastName, Year_Hired, Tenured) values ('Wilton', 'Gelly', 2009, true);
insert into Professor (FirstName, LastName, Year_Hired, Tenured) values ('Dona', 'Eadon', 2015, true);
insert into Professor (FirstName, LastName, Year_Hired, Tenured) values ('Aindrea', 'Lovett', 2014, false);
insert into Professor (FirstName, LastName, Year_Hired, Tenured) values ('Dori', 'Burbidge', 2010, true);
insert into Professor (FirstName, LastName, Year_Hired, Tenured) values ('Zelig', 'Houston', 2020, false);
insert into Professor (FirstName, LastName, Year_Hired, Tenured) values ('Annmarie', 'Yanson', 2007, false);
insert into Professor (FirstName, LastName, Year_Hired, Tenured) values ('Sonny', 'Thorburn', 2017, true);
insert into Professor (FirstName, LastName, Year_Hired, Tenured) values ('Emyle', 'Probbings', 2003, true);
insert into Professor (FirstName, LastName, Year_Hired, Tenured) values ('Roldan', 'Morison', 2015, true);
insert into Professor (FirstName, LastName, Year_Hired, Tenured) values ('Bertie', 'Beardsdale', 2003, false);
insert into Professor (FirstName, LastName, Year_Hired, Tenured) values ('Temple', 'Franzetti', 2016, false);
insert into Professor (FirstName, LastName, Year_Hired, Tenured) values ('Micaela', 'Van Arsdall', 2011, true);
insert into Professor (FirstName, LastName, Year_Hired, Tenured) values ('Dianna', 'Issett', 2009, false);
insert into Professor (FirstName, LastName, Year_Hired, Tenured) values ('Garnette', 'Errichiello', 2020, true);
insert into Professor (FirstName, LastName, Year_Hired, Tenured) values ('Fara', 'Warfield', 2008, true);
insert into Professor (FirstName, LastName, Year_Hired, Tenured) values ('Jere', 'Zincke', 2001, true);
insert into Professor (FirstName, LastName, Year_Hired, Tenured) values ('Fanchette', 'Ziehms', 2002, true);
insert into Professor (FirstName, LastName, Year_Hired, Tenured) values ('Cynthy', 'Szymoni', 2010, true);
insert into Professor (FirstName, LastName, Year_Hired, Tenured) values ('Chandler', 'Duffan', 2016, true);
insert into Professor (FirstName, LastName, Year_Hired, Tenured) values ('Danny', 'Lamdin', 2005, false);
insert into Professor (FirstName, LastName, Year_Hired, Tenured) values ('Grete', 'Wrathall', 2002, false);
insert into Professor (FirstName, LastName, Year_Hired, Tenured) values ('Jamey', 'Breewood', 2019, false);
insert into Professor (FirstName, LastName, Year_Hired, Tenured) values ('Rasia', 'Grigoriev', 2014, false);
insert into Professor (FirstName, LastName, Year_Hired, Tenured) values ('Kerianne', 'Spurgin', 2013, false);
insert into Professor (FirstName, LastName, Year_Hired, Tenured) values ('Erena', 'Mitkcov', 2006, false);
insert into Professor (FirstName, LastName, Year_Hired, Tenured) values ('Georgia', 'Shambrook', 2001, true);
insert into Professor (FirstName, LastName, Year_Hired, Tenured) values ('Cello', 'Trussman', 2023, false);
insert into Professor (FirstName, LastName, Year_Hired, Tenured) values ('Drusie', 'Brameld', 2019, false);
insert into Professor (FirstName, LastName, Year_Hired, Tenured) values ('Brenna', 'Chancellor', 2019, false);
insert into Professor (FirstName, LastName, Year_Hired, Tenured) values ('Keene', 'Crowth', 2007, true);
insert into Professor (FirstName, LastName, Year_Hired, Tenured) values ('Donia', 'Adds', 2009, false);
insert into Professor (FirstName, LastName, Year_Hired, Tenured) values ('Patrice', 'Lalor', 2002, false);
insert into Professor (FirstName, LastName, Year_Hired, Tenured) values ('Jae', 'Wenger', 2021, true);
insert into Professor (FirstName, LastName, Year_Hired, Tenured) values ('Molly', 'Nolder', 2021, true);
insert into Professor (FirstName, LastName, Year_Hired, Tenured) values ('Shalom', 'Very', 2016, true);
insert into Professor (FirstName, LastName, Year_Hired, Tenured) values ('Linn', 'Widocks', 2005, false);
insert into Professor (FirstName, LastName, Year_Hired, Tenured) values ('Lucina', 'Southeran', 2008, false);
insert into Professor (FirstName, LastName, Year_Hired, Tenured) values ('Weston', 'Ferronier', 2022, false);
insert into Professor (FirstName, LastName, Year_Hired, Tenured) values ('Mendel', 'Braker', 2000, false);
insert into Professor (FirstName, LastName, Year_Hired, Tenured) values ('Amery', 'Hupe', 2013, false);
insert into Professor (FirstName, LastName, Year_Hired, Tenured) values ('Kinnie', 'Dore', 2006, true);
insert into Professor (FirstName, LastName, Year_Hired, Tenured) values ('Stormie', 'Jeves', 2017, true);
insert into Professor (FirstName, LastName, Year_Hired, Tenured) values ('Sibelle', 'Orniz', 2022, true);
insert into Professor (FirstName, LastName, Year_Hired, Tenured) values ('Silvan', 'Enstone', 2004, true);
insert into Professor (FirstName, LastName, Year_Hired, Tenured) values ('Nanni', 'Pyrke', 2000, true);
insert into Professor (FirstName, LastName, Year_Hired, Tenured) values ('Fulton', 'Stoneham', 2008, false);
insert into Professor (FirstName, LastName, Year_Hired, Tenured) values ('Johan', 'Dods', 2000, true);
insert into Professor (FirstName, LastName, Year_Hired, Tenured) values ('Audry', 'Washington', 2007, true);
insert into Professor (FirstName, LastName, Year_Hired, Tenured) values ('Iorgos', 'Davidesco', 2006, false);
insert into Professor (FirstName, LastName, Year_Hired, Tenured) values ('Ezri', 'Croad', 2004, true);
insert into Professor (FirstName, LastName, Year_Hired, Tenured) values ('Jeanne', 'Braunstein', 2007, false);
insert into Professor (FirstName, LastName, Year_Hired, Tenured) values ('Lenard', 'Gieves', 2011, true);
insert into Professor (FirstName, LastName, Year_Hired, Tenured) values ('Cary', 'Tacon', 2016, true);
insert into Professor (FirstName, LastName, Year_Hired, Tenured) values ('Moss', 'Blaza', 2002, false);
insert into Professor (FirstName, LastName, Year_Hired, Tenured) values ('Dillie', 'Sedgeworth', 2000, true);
insert into Professor (FirstName, LastName, Year_Hired, Tenured) values ('Lotti', 'Birks', 2014, false);
insert into Professor (FirstName, LastName, Year_Hired, Tenured) values ('Elene', 'Whittenbury', 2021, false);
insert into Professor (FirstName, LastName, Year_Hired, Tenured) values ('Cati', 'Baistow', 2016, true);
insert into Professor (FirstName, LastName, Year_Hired, Tenured) values ('Devon', 'Cluff', 2023, false);
insert into Professor (FirstName, LastName, Year_Hired, Tenured) values ('Marten', 'Shorland', 2014, false);
insert into Professor (FirstName, LastName, Year_Hired, Tenured) values ('Collette', 'Leber', 2009, false);
insert into Professor (FirstName, LastName, Year_Hired, Tenured) values ('Hatty', 'Alessandrelli', 2009, true);
insert into Professor (FirstName, LastName, Year_Hired, Tenured) values ('Violette', 'De Gogay', 2015, false);
insert into Professor (FirstName, LastName, Year_Hired, Tenured) values ('Kalinda', 'Dugdale', 2020, false);
insert into Professor (FirstName, LastName, Year_Hired, Tenured) values ('Adham', 'Perks', 2001, true);
insert into Professor (FirstName, LastName, Year_Hired, Tenured) values ('Jerome', 'Wolverson', 2018, true);
insert into Professor (FirstName, LastName, Year_Hired, Tenured) values ('Shawn', 'Stife', 2011, true);
insert into Professor (FirstName, LastName, Year_Hired, Tenured) values ('Frans', 'Parades', 2021, true);
insert into Professor (FirstName, LastName, Year_Hired, Tenured) values ('Salomi', 'Sanders', 2015, true);
insert into Professor (FirstName, LastName, Year_Hired, Tenured) values ('Ardath', 'Corwin', 2006, false);
insert into Professor (FirstName, LastName, Year_Hired, Tenured) values ('Nerty', 'Androlli', 2022, true);
insert into Professor (FirstName, LastName, Year_Hired, Tenured) values ('Dael', 'Gelland', 2012, true);
insert into Professor (FirstName, LastName, Year_Hired, Tenured) values ('Seana', 'Carslake', 2021, false);
insert into Professor (FirstName, LastName, Year_Hired, Tenured) values ('Emmet', 'Prater', 2003, true);
insert into Professor (FirstName, LastName, Year_Hired, Tenured) values ('Kakalina', 'Dudderidge', 2004, false);
insert into Professor (FirstName, LastName, Year_Hired, Tenured) values ('Tommi', 'Selley', 2005, false);
insert into Professor (FirstName, LastName, Year_Hired, Tenured) values ('Molly', 'Correa', 2001, false);
insert into Professor (FirstName, LastName, Year_Hired, Tenured) values ('Nonna', 'Attle', 2012, false);
insert into Professor (FirstName, LastName, Year_Hired, Tenured) values ('Ludovico', 'Skeldinge', 2003, true);
insert into Professor (FirstName, LastName, Year_Hired, Tenured) values ('Brennen', 'Bourtoumieux', 2022, true);
insert into Professor (FirstName, LastName, Year_Hired, Tenured) values ('Granthem', 'McRae', 2013, true);
insert into Professor (FirstName, LastName, Year_Hired, Tenured) values ('Alex', 'Androli', 2016, true);
insert into Professor (FirstName, LastName, Year_Hired, Tenured) values ('Bertha', 'Umfrey', 2022, true);

insert into TeachingAssistant (FirstName, LastName, Semesters_Worked, Hourly_Wage) values ('Lew', 'Cornehl', 6, 16.32);
insert into TeachingAssistant (FirstName, LastName, Semesters_Worked, Hourly_Wage) values ('Keenan', 'Dabs', 6, 19.63);
insert into TeachingAssistant (FirstName, LastName, Semesters_Worked, Hourly_Wage) values ('Adam', 'Hansie', 2, 18.13);
insert into TeachingAssistant (FirstName, LastName, Semesters_Worked, Hourly_Wage) values ('Wittie', 'Hellen', 6, 19.09);
insert into TeachingAssistant (FirstName, LastName, Semesters_Worked, Hourly_Wage) values ('Emelen', 'Poston', 7, 17.8);
insert into TeachingAssistant (FirstName, LastName, Semesters_Worked, Hourly_Wage) values ('Sula', 'Sibbe', 4, 16.06);
insert into TeachingAssistant (FirstName, LastName, Semesters_Worked, Hourly_Wage) values ('Juliann', 'Paggitt', 4, 18.99);
insert into TeachingAssistant (FirstName, LastName, Semesters_Worked, Hourly_Wage) values ('Consolata', 'Jerdon', 1, 18.84);
insert into TeachingAssistant (FirstName, LastName, Semesters_Worked, Hourly_Wage) values ('Sidney', 'Dono', 5, 19.23);
insert into TeachingAssistant (FirstName, LastName, Semesters_Worked, Hourly_Wage) values ('Lory', 'Hubbucks', 5, 15.23);
insert into TeachingAssistant (FirstName, LastName, Semesters_Worked, Hourly_Wage) values ('Desirae', 'Maddyson', 4, 17.45);
insert into TeachingAssistant (FirstName, LastName, Semesters_Worked, Hourly_Wage) values ('Rosamund', 'Kippins', 2, 16.36);
insert into TeachingAssistant (FirstName, LastName, Semesters_Worked, Hourly_Wage) values ('Aurel', 'Duncan', 7, 16.61);
insert into TeachingAssistant (FirstName, LastName, Semesters_Worked, Hourly_Wage) values ('Guillemette', 'Corkel', 5, 18.8);
insert into TeachingAssistant (FirstName, LastName, Semesters_Worked, Hourly_Wage) values ('Christos', 'Staniland', 1, 15.59);
insert into TeachingAssistant (FirstName, LastName, Semesters_Worked, Hourly_Wage) values ('Nelli', 'Iacavone', 2, 18.67);
insert into TeachingAssistant (FirstName, LastName, Semesters_Worked, Hourly_Wage) values ('Webster', 'Shoebottom', 5, 19.74);
insert into TeachingAssistant (FirstName, LastName, Semesters_Worked, Hourly_Wage) values ('Joane', 'Bracknell', 5, 16.89);
insert into TeachingAssistant (FirstName, LastName, Semesters_Worked, Hourly_Wage) values ('Burk', 'McPherson', 3, 19.3);
insert into TeachingAssistant (FirstName, LastName, Semesters_Worked, Hourly_Wage) values ('Mateo', 'Van Castele', 1, 17.04);
insert into TeachingAssistant (FirstName, LastName, Semesters_Worked, Hourly_Wage) values ('Andrea', 'McJarrow', 2, 15.46);
insert into TeachingAssistant (FirstName, LastName, Semesters_Worked, Hourly_Wage) values ('Yance', 'Jakubiak', 2, 17.65);
insert into TeachingAssistant (FirstName, LastName, Semesters_Worked, Hourly_Wage) values ('Mikaela', 'Stammers', 2, 17.89);
insert into TeachingAssistant (FirstName, LastName, Semesters_Worked, Hourly_Wage) values ('Andres', 'Studart', 4, 19.23);
insert into TeachingAssistant (FirstName, LastName, Semesters_Worked, Hourly_Wage) values ('Othello', 'Beetham', 5, 15.32);
insert into TeachingAssistant (FirstName, LastName, Semesters_Worked, Hourly_Wage) values ('Bab', 'Tesseyman', 6, 18.32);
insert into TeachingAssistant (FirstName, LastName, Semesters_Worked, Hourly_Wage) values ('Harley', 'Lackie', 2, 18.99);
insert into TeachingAssistant (FirstName, LastName, Semesters_Worked, Hourly_Wage) values ('Jakob', 'Paolinelli', 2, 15.73);
insert into TeachingAssistant (FirstName, LastName, Semesters_Worked, Hourly_Wage) values ('Iago', 'Weaver', 1, 17.57);
insert into TeachingAssistant (FirstName, LastName, Semesters_Worked, Hourly_Wage) values ('Tricia', 'Greenhall', 6, 18.12);
insert into TeachingAssistant (FirstName, LastName, Semesters_Worked, Hourly_Wage) values ('Brandyn', 'Croley', 6, 19.33);
insert into TeachingAssistant (FirstName, LastName, Semesters_Worked, Hourly_Wage) values ('Velma', 'Magee', 6, 17.82);
insert into TeachingAssistant (FirstName, LastName, Semesters_Worked, Hourly_Wage) values ('Durante', 'McMorran', 4, 17.43);
insert into TeachingAssistant (FirstName, LastName, Semesters_Worked, Hourly_Wage) values ('Alfreda', 'Goodlatt', 2, 18.45);
insert into TeachingAssistant (FirstName, LastName, Semesters_Worked, Hourly_Wage) values ('Zack', 'De Andisie', 5, 15.33);
insert into TeachingAssistant (FirstName, LastName, Semesters_Worked, Hourly_Wage) values ('Janeva', 'Domerc', 3, 19.77);
insert into TeachingAssistant (FirstName, LastName, Semesters_Worked, Hourly_Wage) values ('Sydel', 'Entissle', 1, 17.64);
insert into TeachingAssistant (FirstName, LastName, Semesters_Worked, Hourly_Wage) values ('Amalie', 'Wermerling', 1, 15.83);
insert into TeachingAssistant (FirstName, LastName, Semesters_Worked, Hourly_Wage) values ('Hayyim', 'Rassmann', 1, 17.37);
insert into TeachingAssistant (FirstName, LastName, Semesters_Worked, Hourly_Wage) values ('Agace', 'Hamor', 6, 15.77);
insert into TeachingAssistant (FirstName, LastName, Semesters_Worked, Hourly_Wage) values ('Kirbie', 'Szymanski', 4, 19.57);
insert into TeachingAssistant (FirstName, LastName, Semesters_Worked, Hourly_Wage) values ('Kikelia', 'Sibthorp', 4, 18.62);
insert into TeachingAssistant (FirstName, LastName, Semesters_Worked, Hourly_Wage) values ('Dael', 'Chaffer', 6, 15.02);
insert into TeachingAssistant (FirstName, LastName, Semesters_Worked, Hourly_Wage) values ('Sheba', 'Paish', 1, 19.69);
insert into TeachingAssistant (FirstName, LastName, Semesters_Worked, Hourly_Wage) values ('Nada', 'Galer', 3, 15.45);
insert into TeachingAssistant (FirstName, LastName, Semesters_Worked, Hourly_Wage) values ('Braden', 'Hawick', 7, 15.18);
insert into TeachingAssistant (FirstName, LastName, Semesters_Worked, Hourly_Wage) values ('Clark', 'Rotherham', 6, 18.71);
insert into TeachingAssistant (FirstName, LastName, Semesters_Worked, Hourly_Wage) values ('Rafa', 'Virgo', 3, 17.13);
insert into TeachingAssistant (FirstName, LastName, Semesters_Worked, Hourly_Wage) values ('Stesha', 'Klimshuk', 7, 19.27);
insert into TeachingAssistant (FirstName, LastName, Semesters_Worked, Hourly_Wage) values ('Binni', 'Minchenton', 1, 19.57);
insert into TeachingAssistant (FirstName, LastName, Semesters_Worked, Hourly_Wage) values ('Vonny', 'Iddenden', 4, 16.31);
insert into TeachingAssistant (FirstName, LastName, Semesters_Worked, Hourly_Wage) values ('Warden', 'Ivanets', 3, 17.37);
insert into TeachingAssistant (FirstName, LastName, Semesters_Worked, Hourly_Wage) values ('Job', 'Blissett', 3, 17.65);
insert into TeachingAssistant (FirstName, LastName, Semesters_Worked, Hourly_Wage) values ('Dionisio', 'Baumler', 2, 19.72);
insert into TeachingAssistant (FirstName, LastName, Semesters_Worked, Hourly_Wage) values ('Nicki', 'Hembery', 6, 16.84);
insert into TeachingAssistant (FirstName, LastName, Semesters_Worked, Hourly_Wage) values ('Matthaeus', 'Gecks', 4, 16.93);
insert into TeachingAssistant (FirstName, LastName, Semesters_Worked, Hourly_Wage) values ('Harmony', 'Luparti', 5, 15.45);
insert into TeachingAssistant (FirstName, LastName, Semesters_Worked, Hourly_Wage) values ('Masha', 'Ranson', 7, 17.36);
insert into TeachingAssistant (FirstName, LastName, Semesters_Worked, Hourly_Wage) values ('Kristien', 'Veck', 4, 17.37);
insert into TeachingAssistant (FirstName, LastName, Semesters_Worked, Hourly_Wage) values ('Jessie', 'Le Leu', 2, 15.48);
insert into TeachingAssistant (FirstName, LastName, Semesters_Worked, Hourly_Wage) values ('Tonie', 'Cuddehy', 3, 17.0);
insert into TeachingAssistant (FirstName, LastName, Semesters_Worked, Hourly_Wage) values ('Mercie', 'Penhale', 5, 15.5);
insert into TeachingAssistant (FirstName, LastName, Semesters_Worked, Hourly_Wage) values ('Ashia', 'Pilgrim', 3, 19.91);
insert into TeachingAssistant (FirstName, LastName, Semesters_Worked, Hourly_Wage) values ('Rodd', 'Diplock', 2, 18.31);
insert into TeachingAssistant (FirstName, LastName, Semesters_Worked, Hourly_Wage) values ('Sandro', 'Klessmann', 1, 19.87);
insert into TeachingAssistant (FirstName, LastName, Semesters_Worked, Hourly_Wage) values ('Melisande', 'Watting', 1, 18.11);
insert into TeachingAssistant (FirstName, LastName, Semesters_Worked, Hourly_Wage) values ('Violette', 'Bolsteridge', 7, 18.16);
insert into TeachingAssistant (FirstName, LastName, Semesters_Worked, Hourly_Wage) values ('Freeland', 'Denness', 4, 19.38);
insert into TeachingAssistant (FirstName, LastName, Semesters_Worked, Hourly_Wage) values ('Tessie', 'Zanolli', 7, 18.2);
insert into TeachingAssistant (FirstName, LastName, Semesters_Worked, Hourly_Wage) values ('Violetta', 'Morfield', 6, 17.75);
insert into TeachingAssistant (FirstName, LastName, Semesters_Worked, Hourly_Wage) values ('Gerhardt', 'Comben', 6, 15.58);
insert into TeachingAssistant (FirstName, LastName, Semesters_Worked, Hourly_Wage) values ('Kimmy', 'Senior', 2, 18.63);
insert into TeachingAssistant (FirstName, LastName, Semesters_Worked, Hourly_Wage) values ('Chaim', 'Atcheson', 2, 17.92);
insert into TeachingAssistant (FirstName, LastName, Semesters_Worked, Hourly_Wage) values ('Bernardo', 'Howatt', 7, 15.89);
insert into TeachingAssistant (FirstName, LastName, Semesters_Worked, Hourly_Wage) values ('Mikkel', 'Asche', 7, 18.21);
insert into TeachingAssistant (FirstName, LastName, Semesters_Worked, Hourly_Wage) values ('Tom', 'Seagrove', 4, 16.81);
insert into TeachingAssistant (FirstName, LastName, Semesters_Worked, Hourly_Wage) values ('Kendal', 'Delicate', 1, 17.39);
insert into TeachingAssistant (FirstName, LastName, Semesters_Worked, Hourly_Wage) values ('Barbie', 'Debow', 5, 15.89);
insert into TeachingAssistant (FirstName, LastName, Semesters_Worked, Hourly_Wage) values ('Rosaleen', 'Schonfeld', 4, 19.65);
insert into TeachingAssistant (FirstName, LastName, Semesters_Worked, Hourly_Wage) values ('Abagail', 'Hagston', 5, 18.84);
insert into TeachingAssistant (FirstName, LastName, Semesters_Worked, Hourly_Wage) values ('Nadya', 'Yurocjkin', 1, 17.16);
insert into TeachingAssistant (FirstName, LastName, Semesters_Worked, Hourly_Wage) values ('Ulberto', 'Brilon', 4, 15.19);
insert into TeachingAssistant (FirstName, LastName, Semesters_Worked, Hourly_Wage) values ('Christian', 'Burrell', 7, 18.62);
insert into TeachingAssistant (FirstName, LastName, Semesters_Worked, Hourly_Wage) values ('Artie', 'Asprey', 2, 16.62);
insert into TeachingAssistant (FirstName, LastName, Semesters_Worked, Hourly_Wage) values ('Bonny', 'Dorow', 4, 15.45);
insert into TeachingAssistant (FirstName, LastName, Semesters_Worked, Hourly_Wage) values ('Rowan', 'Wreight', 2, 19.58);
insert into TeachingAssistant (FirstName, LastName, Semesters_Worked, Hourly_Wage) values ('Gwenore', 'Boskell', 1, 15.17);
insert into TeachingAssistant (FirstName, LastName, Semesters_Worked, Hourly_Wage) values ('Marybeth', 'Winwright', 6, 19.18);
insert into TeachingAssistant (FirstName, LastName, Semesters_Worked, Hourly_Wage) values ('Guthrie', 'MacMychem', 3, 19.36);
insert into TeachingAssistant (FirstName, LastName, Semesters_Worked, Hourly_Wage) values ('Cobb', 'Berthelet', 3, 17.65);
insert into TeachingAssistant (FirstName, LastName, Semesters_Worked, Hourly_Wage) values ('Georgia', 'Danelutti', 7, 19.23);
insert into TeachingAssistant (FirstName, LastName, Semesters_Worked, Hourly_Wage) values ('Jessamine', 'Shankland', 7, 15.05);
insert into TeachingAssistant (FirstName, LastName, Semesters_Worked, Hourly_Wage) values ('Garv', 'Aldington', 2, 18.66);
insert into TeachingAssistant (FirstName, LastName, Semesters_Worked, Hourly_Wage) values ('Aylmar', 'Hardey', 6, 15.1);
insert into TeachingAssistant (FirstName, LastName, Semesters_Worked, Hourly_Wage) values ('Arlen', 'McPhee', 2, 19.05);
insert into TeachingAssistant (FirstName, LastName, Semesters_Worked, Hourly_Wage) values ('Liliane', 'MacMaster', 2, 17.34);
insert into TeachingAssistant (FirstName, LastName, Semesters_Worked, Hourly_Wage) values ('Uriah', 'Hinchcliffe', 1, 19.58);
insert into TeachingAssistant (FirstName, LastName, Semesters_Worked, Hourly_Wage) values ('Simone', 'Vedenyapin', 7, 19.5);
insert into TeachingAssistant (FirstName, LastName, Semesters_Worked, Hourly_Wage) values ('Roz', 'Clever', 5, 16.1);
insert into TeachingAssistant (FirstName, LastName, Semesters_Worked, Hourly_Wage) values ('Gretchen', 'Feveryear', 7, 15.56);

INSERT INTO Class (CourseCode, Subject, Title, Description, NumStudentsEnrolled, StartTime, EndTime, Days_of_Week, FacultyID)
VALUES
('MATH101', 'Mathematics', 'Calculus', 'Introduction to calculus', 25, '9:00:00', '10:00:00', 'MWF', FLOOR(RAND() * 100) + 1),
('PHYS201', 'Physics', 'Mechanics', 'Introduction to mechanics', 30, '11:00:00', '12:00:00', 'TR', FLOOR(RAND() * 100) + 1),
('COMP101', 'Computer Science', 'Introduction to Programming', 'Introduction to programming concepts', 35, '13:00:00', '14:00:00', 'TTH', FLOOR(RAND() * 100) + 1),
('ENGL101', 'English', 'Composition I', 'Introduction to college-level writing', 20, '9:00:00', '10:00:00', 'MWF', FLOOR(RAND() * 100) + 1),
('HIST101', 'History', 'Western Civilization I', 'Survey of Western civilization from ancient times to the Renaissance', 25, '11:00:00', '12:00:00', 'TR', FLOOR(RAND() * 100) + 1),
('ECON101', 'Economics', 'Principles of Economics', 'Introduction to microeconomics and macroeconomics', 30, '13:00:00', '14:00:00', 'TTH', FLOOR(RAND() * 100) + 1),
('BIOL101', 'Biology', 'Introduction to Biology', 'Introduction to the basic principles of biology', 40, '9:00:00', '10:00:00', 'MWF', FLOOR(RAND() * 100) + 1),
('CHEM101', 'Chemistry', 'General Chemistry', 'Introduction to the fundamental concepts of chemistry', 45, '11:00:00', '12:00:00', 'TR', FLOOR(RAND() * 100) + 1),
('POLS101', 'Political Science', 'Introduction to American Politics', 'Introduction to the American political system', 50, '13:00:00', '14:00:00', 'TTH', FLOOR(RAND() * 100) + 1),
('FREN101', 'French', 'Elementary French I', 'Introduction to the French language', 35, '9:00:00', '10:00:00', 'MWF', FLOOR(RAND() * 100) + 1),
('SPAN101', 'Spanish', 'Elementary Spanish I', 'Introduction to the Spanish language', 40, '11:00:00', '12:00:00', 'TR', FLOOR(RAND() * 100) + 1),
('ITAL101', 'Italian', 'Elementary Italian I', 'Introduction to the Italian language', 45, '13:00:00', '14:00:00', 'TTH', FLOOR(RAND() * 100) + 1),
('ART101', 'Art', 'Introduction to Art History', 'Introduction to the history of Western art', 50, '9:00:00', '10:00:00', 'MWF', FLOOR(RAND() * 100) + 1),
('MUS101', 'Music', 'Introduction to Music History', 'Introduction to the history of Western music', 55, '11:00:00', '12:00:00', 'TR', FLOOR(RAND() * 100) + 1),
('THEA101', 'Theatre', 'Introduction to Theatre', 'Introduction to the history and art of theatre', 60, '13:00:00', '14:00:00', 'TTH', FLOOR(RAND() * 100) + 1),
('ENGL102', 'English', 'Composition II', 'Continuation of college-level writing', 20, '9:00:00', '10:00:00', 'MWF', FLOOR(RAND() * 100) + 1),
('HIST102', 'History', 'Western Civilization II', 'Survey of Western civilization from the Renaissance to the present', 25, '11:00:00', '12:00:00', 'TR', FLOOR(RAND() * 100) + 1),
('ECON102', 'Economics', 'Intermediate Macroeconomics', 'Analysis of macroeconomic theory and policy', 30, '13:00:00', '14:00:00', 'TTH', FLOOR(RAND() * 100) + 1),
('BIOL102', 'Biology', 'Cell Biology', 'Introduction to the structure and function of cells', 40, '9:00:00', '10:00:00', 'MWF', FLOOR(RAND() * 100) + 1),
('CHEM102', 'Chemistry', 'Organic Chemistry I', 'Introduction to the fundamental concepts of organic chemistry', 45, '11:00:00', '12:00:00', 'TR', FLOOR(RAND() * 100) + 1),
('POLS102', 'Political Science', 'International Relations', 'Introduction to the study of international relations', 50, '13:00:00', '14:00:00', 'TTH', FLOOR(RAND() * 100) + 1),
('FREN102', 'French', 'Elementary French II', 'Continuation of Elementary French I', 35, '9:00:00', '10:00:00', 'MWF', FLOOR(RAND() * 100) + 1),
('SPAN102', 'Spanish', 'Elementary Spanish II', 'Continuation of Elementary Spanish I', 40, '11:00:00', '12:00:00', 'TR', FLOOR(RAND() * 100) + 1),
('ITAL102', 'Italian', 'Elementary Italian II', 'Continuation of Elementary Italian I', 45, '13:00:00', '14:00:00', 'TTH', FLOOR(RAND() * 100) + 1),
('ART102', 'Art', 'Survey of Modern Art', 'Introduction to modern and contemporary art', 50, '9:00:00', '10:00:00', 'MWF', FLOOR(RAND() * 100) + 1),
('MUS102', 'Music', 'Music Appreciation', 'Introduction to the appreciation of Western music', 55, '11:00:00', '12:00:00', 'TR', FLOOR(RAND() * 100) + 1),
('THEA102', 'Theatre', 'Acting Fundamentals', 'Introduction to the techniques of acting', 60, '13:00:00', '14:00:00', 'TTH', FLOOR(RAND() * 100) + 1),
('PHIL102', 'Philosophy', 'Ethics', 'Introduction to ethical theory and decision-making', 65, '9:00:00', '10:00:00', 'MWF', FLOOR(RAND() * 100) + 1),
('REL101', 'Religion', 'Introduction to World Religions', 'Introduction to the major world religions', 70, '11:00:00', '12:00:00', 'TR', FLOOR(RAND() * 100) + 1),
('ANTH101', 'Anthropology', 'Introduction to Anthropology', 'Introduction to the study of human cultures', 75, '13:00:00', '14:00:00', 'TTH', FLOOR(RAND() * 100) + 1),
('ENGL201', 'English', 'Literature of the English Renaissance', 'Introduction to the major works of English literature from the Renaissance period', 30, '9:00:00', '10:00:00', 'TR', FLOOR(RAND() * 100) + 1),
('HIST201', 'History', 'American History to 1865', 'Survey of American history from the colonial period to the Civil War', 40, '11:00:00', '12:00:00', 'MWF', FLOOR(RAND() * 100) + 1),
('ECON201', 'Economics', 'Microeconomics', 'Introduction to the principles of microeconomics', 50, '13:00:00', '14:00:00', 'TTH', FLOOR(RAND() * 100) + 1),
('BIOL201', 'Biology', 'General Biology II', 'Continuation of General Biology I, focusing on ecology and evolution', 45, '9:00:00', '10:00:00', 'MWF', FLOOR(RAND() * 100) + 1),
('CHEM201', 'Chemistry', 'Organic Chemistry II', 'Continuation of Organic Chemistry I', 40, '11:00:00', '12:00:00', 'TR', FLOOR(RAND() * 100) + 1),
('POLS201', 'Political Science', 'Comparative Government', 'Comparison of the political systems of different countries', 55, '13:00:00', '14:00:00', 'TTH', FLOOR(RAND() * 100) + 1),
('FREN201', 'French', 'Intermediate French I', 'Continuation of Elementary French II', 35, '9:00:00', '10:00:00', 'MWF', FLOOR(RAND() * 100) + 1),
('SPAN201', 'Spanish', 'Intermediate Spanish I', 'Continuation of Elementary Spanish II', 30, '11:00:00', '12:00:00', 'TR', FLOOR(RAND() * 100) + 1),
('ITAL201', 'Italian', 'Intermediate Italian I', 'Continuation of Elementary Italian II', 45, '13:00:00', '14:00:00', 'TTH', FLOOR(RAND() * 100) + 1),
('ART201', 'Art', 'Introduction to Art History II', 'Continuation of Introduction to Art History I, focusing on modern and contemporary art', 50, '9:00:00', '10:00:00', 'MWF', FLOOR(RAND() * 100) + 1),
('MUS201', 'Music', 'History of Western Music II', 'Continuation of History of Western Music I, focusing on the Baroque, Classical, and Romantic periods', 55, '11:00:00', '12:00:00', 'TR', FLOOR(RAND() * 100) + 1),
('THEA201', 'Theatre', 'Directing Fundamentals', 'Introduction to the techniques of directing', 60, '13:00:00', '14:00:00', 'TTH', FLOOR(RAND() * 100) + 1);

insert into StudyGroup (Capacity, Description, Start_Time, End_Time, CourseCode, StudentID) values (11, 'Aliquam augue quam, sollicitudin vitae, consectetuer eget, rutrum at, lorem. Integer tincidunt ante vel ipsum. Praesent blandit lacinia erat.', '8:19', '7:21', 'BIOL102', 40);
insert into StudyGroup (Capacity, Description, Start_Time, End_Time, CourseCode, StudentID) values (8, 'Nulla tellus. In sagittis dui vel nisl.', '7:13', '23:49', 'ENGL101', 72);
insert into StudyGroup (Capacity, Description, Start_Time, End_Time, CourseCode, StudentID) values (10, null, '1:33', '20:37', 'REL101', 64);
insert into StudyGroup (Capacity, Description, Start_Time, End_Time, CourseCode, StudentID) values (15, 'Quisque arcu libero, rutrum ac, lobortis vel, dapibus at, diam.', '23:32', '3:50', 'SPAN201', 81);
insert into StudyGroup (Capacity, Description, Start_Time, End_Time, CourseCode, StudentID) values (4, 'Mauris sit amet eros. Suspendisse accumsan tortor quis turpis.', '11:53', '10:37', 'FREN101', 68);
insert into StudyGroup (Capacity, Description, Start_Time, End_Time, CourseCode, StudentID) values (3, 'Donec semper sapien a libero. Nam dui. Proin leo odio, porttitor id, consequat in, consequat ut, nulla.', '11:49', '8:36', 'FREN101', 61);
insert into StudyGroup (Capacity, Description, Start_Time, End_Time, CourseCode, StudentID) values (12, 'Maecenas tristique, est et tempus semper, est quam pharetra magna, ac consequat metus sapien ut nunc. Vestibulum ante ipsum primis in faucibus orci luctus et ultrices posuere cubilia Curae; Mauris viverra diam vitae quam.', '22:40', '3:43', 'COMP101', 3);
insert into StudyGroup (Capacity, Description, Start_Time, End_Time, CourseCode, StudentID) values (9, 'Vivamus vestibulum sagittis sapien. Cum sociis natoque penatibus et magnis dis parturient montes, nascetur ridiculus mus. Etiam vel augue. Vestibulum rutrum rutrum neque.', '20:01', '6:38', 'COMP101', 79);
insert into StudyGroup (Capacity, Description, Start_Time, End_Time, CourseCode, StudentID) values (13, 'Fusce consequat. Nulla nisl.', '5:05', '2:36', 'PHYS201', 18);
insert into StudyGroup (Capacity, Description, Start_Time, End_Time, CourseCode, StudentID) values (10, 'Pellentesque at nulla. Suspendisse potenti. Cras in purus eu magna vulputate luctus.', '9:54', '19:32', 'PHYS201', 26);
insert into StudyGroup (Capacity, Description, Start_Time, End_Time, CourseCode, StudentID) values (10, 'Vestibulum ante ipsum primis in faucibus orci luctus et ultrices posuere cubilia Curae; Duis faucibus accumsan odio. Curabitur convallis.', '18:09', '7:12', 'POLS201', 37);
insert into StudyGroup (Capacity, Description, Start_Time, End_Time, CourseCode, StudentID) values (6, 'Nullam sit amet turpis elementum ligula vehicula consequat. Morbi a ipsum.', '21:25', '14:16', 'MUS201', 10);
insert into StudyGroup (Capacity, Description, Start_Time, End_Time, CourseCode, StudentID) values (4, 'Cras non velit nec nisi vulputate nonummy. Maecenas tincidunt lacus at velit. Vivamus vel nulla eget eros elementum pellentesque.', '9:19', '16:51', 'HIST102', 47);
insert into StudyGroup (Capacity, Description, Start_Time, End_Time, CourseCode, StudentID) values (9, 'Suspendisse potenti. Cras in purus eu magna vulputate luctus. Cum sociis natoque penatibus et magnis dis parturient montes, nascetur ridiculus mus. Vivamus vestibulum sagittis sapien.', '7:29', '17:44', 'ART101', 73);
insert into StudyGroup (Capacity, Description, Start_Time, End_Time, CourseCode, StudentID) values (5, null, '11:18', '17:03', 'BIOL201', 34);
insert into StudyGroup (Capacity, Description, Start_Time, End_Time, CourseCode, StudentID) values (6, 'Vestibulum quam sapien, varius ut, blandit non, interdum in, ante. Vestibulum ante ipsum primis in faucibus orci luctus et ultrices posuere cubilia Curae; Duis faucibus accumsan odio. Curabitur convallis.', '18:21', '11:01', 'THEA102', 21);
insert into StudyGroup (Capacity, Description, Start_Time, End_Time, CourseCode, StudentID) values (5, null, '21:46', '5:54', 'CHEM101', 17);
insert into StudyGroup (Capacity, Description, Start_Time, End_Time, CourseCode, StudentID) values (15, null, '6:28', '5:25', 'ENGL201', 98);
insert into StudyGroup (Capacity, Description, Start_Time, End_Time, CourseCode, StudentID) values (6, 'Nulla ut erat id mauris vulputate elementum. Nullam varius. Nulla facilisi. Cras non velit nec nisi vulputate nonummy. Maecenas tincidunt lacus at velit.', '8:20', '15:08', 'BIOL201', 64);
insert into StudyGroup (Capacity, Description, Start_Time, End_Time, CourseCode, StudentID) values (6, 'Sed ante.', '2:17', '7:54', 'MATH101', 41);
insert into StudyGroup (Capacity, Description, Start_Time, End_Time, CourseCode, StudentID) values (5, 'In sagittis dui vel nisl. Duis ac nibh.', '11:14', '21:59', 'ART102', 87);
insert into StudyGroup (Capacity, Description, Start_Time, End_Time, CourseCode, StudentID) values (13, 'Pellentesque at nulla. Suspendisse potenti. Cras in purus eu magna vulputate luctus. Cum sociis natoque penatibus et magnis dis parturient montes, nascetur ridiculus mus.', '0:12', '18:25', 'SPAN201', 66);
insert into StudyGroup (Capacity, Description, Start_Time, End_Time, CourseCode, StudentID) values (9, 'Praesent blandit. Nam nulla. Integer pede justo, lacinia eget, tincidunt eget, tempus vel, pede.', '6:51', '4:06', 'ITAL201', 7);
insert into StudyGroup (Capacity, Description, Start_Time, End_Time, CourseCode, StudentID) values (5, 'In hac habitasse platea dictumst. Etiam faucibus cursus urna. Ut tellus.', '3:26', '9:04', 'ART201', 50);
insert into StudyGroup (Capacity, Description, Start_Time, End_Time, CourseCode, StudentID) values (12, 'Nullam varius. Nulla facilisi. Cras non velit nec nisi vulputate nonummy.', '4:52', '16:09', 'HIST102', 93);
insert into StudyGroup (Capacity, Description, Start_Time, End_Time, CourseCode, StudentID) values (11, 'Nunc rhoncus dui vel sem. Sed sagittis. Nam congue, risus semper porta volutpat, quam pede lobortis ligula, sit amet eleifend pede libero quis orci. Nullam molestie nibh in lectus.', '0:39', '8:15', 'CHEM101', 71);
insert into StudyGroup (Capacity, Description, Start_Time, End_Time, CourseCode, StudentID) values (7, null, '6:56', '6:59', 'ANTH101', 48);
insert into StudyGroup (Capacity, Description, Start_Time, End_Time, CourseCode, StudentID) values (14, 'Praesent id massa id nisl venenatis lacinia. Aenean sit amet justo. Morbi ut odio. Cras mi pede, malesuada in, imperdiet et, commodo vulputate, justo.', '4:54', '12:37', 'FREN101', 31);
insert into StudyGroup (Capacity, Description, Start_Time, End_Time, CourseCode, StudentID) values (3, null, '4:27', '10:29', 'THEA101', 1);
insert into StudyGroup (Capacity, Description, Start_Time, End_Time, CourseCode, StudentID) values (5, null, '17:43', '2:15', 'COMP101', 90);
insert into StudyGroup (Capacity, Description, Start_Time, End_Time, CourseCode, StudentID) values (8, 'Sed vel enim sit amet nunc viverra dapibus. Nulla suscipit ligula in lacus. Curabitur at ipsum ac tellus semper interdum.', '14:32', '21:22', 'FREN102', 81);
insert into StudyGroup (Capacity, Description, Start_Time, End_Time, CourseCode, StudentID) values (12, null, '10:23', '12:03', 'ITAL102', 85);
insert into StudyGroup (Capacity, Description, Start_Time, End_Time, CourseCode, StudentID) values (11, null, '20:43', '14:50', 'CHEM201', 26);
insert into StudyGroup (Capacity, Description, Start_Time, End_Time, CourseCode, StudentID) values (9, 'Aliquam non mauris. Morbi non lectus. Aliquam sit amet diam in magna bibendum imperdiet.', '21:53', '23:58', 'ENGL102', 15);
insert into StudyGroup (Capacity, Description, Start_Time, End_Time, CourseCode, StudentID) values (14, null, '5:14', '3:16', 'ENGL101', 18);
insert into StudyGroup (Capacity, Description, Start_Time, End_Time, CourseCode, StudentID) values (13, 'Aenean auctor gravida sem. Praesent id massa id nisl venenatis lacinia.', '2:43', '21:40', 'BIOL101', 75);
insert into StudyGroup (Capacity, Description, Start_Time, End_Time, CourseCode, StudentID) values (11, 'Cras pellentesque volutpat dui. Maecenas tristique, est et tempus semper, est quam pharetra magna, ac consequat metus sapien ut nunc. Vestibulum ante ipsum primis in faucibus orci luctus et ultrices posuere cubilia Curae; Mauris viverra diam vitae quam. Suspendisse potenti.', '8:08', '10:34', 'SPAN102', 71);
insert into StudyGroup (Capacity, Description, Start_Time, End_Time, CourseCode, StudentID) values (13, 'Nulla suscipit ligula in lacus. Curabitur at ipsum ac tellus semper interdum. Mauris ullamcorper purus sit amet nulla. Quisque arcu libero, rutrum ac, lobortis vel, dapibus at, diam. Nam tristique tortor eu pede.', '9:06', '11:58', 'ART101', 29);
insert into StudyGroup (Capacity, Description, Start_Time, End_Time, CourseCode, StudentID) values (4, 'Vivamus vestibulum sagittis sapien. Cum sociis natoque penatibus et magnis dis parturient montes, nascetur ridiculus mus.', '23:03', '9:18', 'CHEM102', 67);
insert into StudyGroup (Capacity, Description, Start_Time, End_Time, CourseCode, StudentID) values (15, 'Mauris sit amet eros. Suspendisse accumsan tortor quis turpis. Sed ante. Vivamus tortor.', '10:26', '4:36', 'SPAN201', 55);
insert into StudyGroup (Capacity, Description, Start_Time, End_Time, CourseCode, StudentID) values (11, 'Nulla justo. Aliquam quis turpis eget elit sodales scelerisque. Mauris sit amet eros. Suspendisse accumsan tortor quis turpis.', '5:34', '7:36', 'FREN102', 95);
insert into StudyGroup (Capacity, Description, Start_Time, End_Time, CourseCode, StudentID) values (4, null, '3:16', '6:51', 'REL101', 98);
insert into StudyGroup (Capacity, Description, Start_Time, End_Time, CourseCode, StudentID) values (5, null, '23:26', '0:43', 'POLS102', 8);
insert into StudyGroup (Capacity, Description, Start_Time, End_Time, CourseCode, StudentID) values (9, 'Nulla tempus. Vivamus in felis eu sapien cursus vestibulum. Proin eu mi.', '5:21', '10:28', 'THEA201', 36);
insert into StudyGroup (Capacity, Description, Start_Time, End_Time, CourseCode, StudentID) values (3, 'Donec ut dolor. Morbi vel lectus in quam fringilla rhoncus. Mauris enim leo, rhoncus sed, vestibulum sit amet, cursus id, turpis. Integer aliquet, massa id lobortis convallis, tortor risus dapibus augue, vel accumsan tellus nisi eu orci.', '9:39', '17:01', 'ITAL102', 25);
insert into StudyGroup (Capacity, Description, Start_Time, End_Time, CourseCode, StudentID) values (15, 'Morbi vestibulum, velit id pretium iaculis, diam erat fermentum justo, nec condimentum neque sapien placerat ante. Nulla justo.', '17:18', '9:14', 'ECON102', 10);
insert into StudyGroup (Capacity, Description, Start_Time, End_Time, CourseCode, StudentID) values (7, 'Morbi odio odio, elementum eu, interdum eu, tincidunt in, leo. Maecenas pulvinar lobortis est.', '17:35', '0:09', 'ITAL101', 7);
insert into StudyGroup (Capacity, Description, Start_Time, End_Time, CourseCode, StudentID) values (11, 'Nam nulla. Integer pede justo, lacinia eget, tincidunt eget, tempus vel, pede.', '12:39', '21:30', 'CHEM101', 89);
insert into StudyGroup (Capacity, Description, Start_Time, End_Time, CourseCode, StudentID) values (11, 'Integer non velit. Donec diam neque, vestibulum eget, vulputate ut, ultrices vel, augue. Vestibulum ante ipsum primis in faucibus orci luctus et ultrices posuere cubilia Curae; Donec pharetra, magna vestibulum aliquet ultrices, erat tortor sollicitudin mi, sit amet lobortis sapien sapien non mi.', '17:11', '16:16', 'SPAN102', 92);
insert into StudyGroup (Capacity, Description, Start_Time, End_Time, CourseCode, StudentID) values (9, 'Pellentesque ultrices mattis odio. Donec vitae nisi. Nam ultrices, libero non mattis pulvinar, nulla pede ullamcorper augue, a suscipit nulla elit ac nulla. Sed vel enim sit amet nunc viverra dapibus. Nulla suscipit ligula in lacus.', '9:35', '6:33', 'HIST101', 95);
insert into StudyGroup (Capacity, Description, Start_Time, End_Time, CourseCode, StudentID) values (11, null, '6:29', '18:56', 'POLS101', 74);
insert into StudyGroup (Capacity, Description, Start_Time, End_Time, CourseCode, StudentID) values (7, 'Cras pellentesque volutpat dui. Maecenas tristique, est et tempus semper, est quam pharetra magna, ac consequat metus sapien ut nunc. Vestibulum ante ipsum primis in faucibus orci luctus et ultrices posuere cubilia Curae; Mauris viverra diam vitae quam. Suspendisse potenti. Nullam porttitor lacus at turpis.', '13:34', '14:11', 'SPAN102', 5);
insert into StudyGroup (Capacity, Description, Start_Time, End_Time, CourseCode, StudentID) values (7, null, '13:02', '13:14', 'ITAL102', 66);
insert into StudyGroup (Capacity, Description, Start_Time, End_Time, CourseCode, StudentID) values (7, 'Donec ut mauris eget massa tempor convallis. Nulla neque libero, convallis eget, eleifend luctus, ultricies eu, nibh.', '11:05', '9:30', 'FREN102', 93);
insert into StudyGroup (Capacity, Description, Start_Time, End_Time, CourseCode, StudentID) values (3, 'Lorem ipsum dolor sit amet, consectetuer adipiscing elit. Proin risus.', '0:43', '18:02', 'BIOL101', 6);
insert into StudyGroup (Capacity, Description, Start_Time, End_Time, CourseCode, StudentID) values (14, 'Nam congue, risus semper porta volutpat, quam pede lobortis ligula, sit amet eleifend pede libero quis orci. Nullam molestie nibh in lectus.', '20:53', '8:51', 'BIOL102', 20);
insert into StudyGroup (Capacity, Description, Start_Time, End_Time, CourseCode, StudentID) values (14, 'Integer a nibh. In quis justo. Maecenas rhoncus aliquam lacus.', '12:19', '0:51', 'POLS102', 42);
insert into StudyGroup (Capacity, Description, Start_Time, End_Time, CourseCode, StudentID) values (13, 'Suspendisse ornare consequat lectus. In est risus, auctor sed, tristique in, tempus sit amet, sem. Fusce consequat. Nulla nisl. Nunc nisl.', '2:56', '13:38', 'ENGL102', 79);
insert into StudyGroup (Capacity, Description, Start_Time, End_Time, CourseCode, StudentID) values (8, null, '20:58', '2:44', 'REL101', 34);
insert into StudyGroup (Capacity, Description, Start_Time, End_Time, CourseCode, StudentID) values (9, 'Nullam orci pede, venenatis non, sodales sed, tincidunt eu, felis. Fusce posuere felis sed lacus. Morbi sem mauris, laoreet ut, rhoncus aliquet, pulvinar sed, nisl. Nunc rhoncus dui vel sem.', '4:35', '16:51', 'MUS201', 36);
insert into StudyGroup (Capacity, Description, Start_Time, End_Time, CourseCode, StudentID) values (14, 'Fusce congue, diam id ornare imperdiet, sapien urna pretium nisl, ut volutpat sapien arcu sed augue.', '16:15', '7:43', 'BIOL201', 69);
insert into StudyGroup (Capacity, Description, Start_Time, End_Time, CourseCode, StudentID) values (11, 'Aliquam non mauris. Morbi non lectus. Aliquam sit amet diam in magna bibendum imperdiet. Nullam orci pede, venenatis non, sodales sed, tincidunt eu, felis. Fusce posuere felis sed lacus.', '11:16', '19:32', 'SPAN201', 61);
insert into StudyGroup (Capacity, Description, Start_Time, End_Time, CourseCode, StudentID) values (9, 'Donec posuere metus vitae ipsum. Aliquam non mauris. Morbi non lectus.', '23:12', '12:14', 'ITAL201', 41);
insert into StudyGroup (Capacity, Description, Start_Time, End_Time, CourseCode, StudentID) values (8, null, '3:44', '5:12', 'MATH101', 59);
insert into StudyGroup (Capacity, Description, Start_Time, End_Time, CourseCode, StudentID) values (4, 'Maecenas tincidunt lacus at velit. Vivamus vel nulla eget eros elementum pellentesque. Quisque porta volutpat erat. Quisque erat eros, viverra eget, congue eget, semper rutrum, nulla. Nunc purus.', '10:59', '11:38', 'FREN201', 83);
insert into StudyGroup (Capacity, Description, Start_Time, End_Time, CourseCode, StudentID) values (5, null, '22:04', '18:14', 'ITAL201', 98);
insert into StudyGroup (Capacity, Description, Start_Time, End_Time, CourseCode, StudentID) values (15, 'Integer a nibh.', '2:40', '6:05', 'MUS102', 39);
insert into StudyGroup (Capacity, Description, Start_Time, End_Time, CourseCode, StudentID) values (4, null, '1:45', '16:42', 'ITAL101', 89);
insert into StudyGroup (Capacity, Description, Start_Time, End_Time, CourseCode, StudentID) values (11, 'Fusce consequat. Nulla nisl. Nunc nisl.', '19:21', '15:02', 'MATH101', 9);
insert into StudyGroup (Capacity, Description, Start_Time, End_Time, CourseCode, StudentID) values (4, 'Vestibulum ante ipsum primis in faucibus orci luctus et ultrices posuere cubilia Curae; Mauris viverra diam vitae quam.', '11:49', '19:59', 'ENGL201', 95);
insert into StudyGroup (Capacity, Description, Start_Time, End_Time, CourseCode, StudentID) values (14, 'Integer a nibh.', '13:04', '3:28', 'BIOL102', 14);
insert into StudyGroup (Capacity, Description, Start_Time, End_Time, CourseCode, StudentID) values (9, null, '15:53', '14:08', 'COMP101', 13);
insert into StudyGroup (Capacity, Description, Start_Time, End_Time, CourseCode, StudentID) values (4, 'In tempor, turpis nec euismod scelerisque, quam turpis adipiscing lorem, vitae mattis nibh ligula nec sem.', '5:29', '23:14', 'ART102', 68);
insert into StudyGroup (Capacity, Description, Start_Time, End_Time, CourseCode, StudentID) values (15, 'Maecenas rhoncus aliquam lacus. Morbi quis tortor id nulla ultrices aliquet. Maecenas leo odio, condimentum id, luctus nec, molestie sed, justo. Pellentesque viverra pede ac diam.', '17:48', '22:02', 'POLS101', 49);
insert into StudyGroup (Capacity, Description, Start_Time, End_Time, CourseCode, StudentID) values (7, 'Vestibulum ante ipsum primis in faucibus orci luctus et ultrices posuere cubilia Curae; Donec pharetra, magna vestibulum aliquet ultrices, erat tortor sollicitudin mi, sit amet lobortis sapien sapien non mi. Integer ac neque. Duis bibendum.', '1:05', '9:53', 'FREN102', 8);
insert into StudyGroup (Capacity, Description, Start_Time, End_Time, CourseCode, StudentID) values (14, 'Integer pede justo, lacinia eget, tincidunt eget, tempus vel, pede. Morbi porttitor lorem id ligula. Suspendisse ornare consequat lectus. In est risus, auctor sed, tristique in, tempus sit amet, sem.', '16:16', '8:33', 'CHEM101', 73);
insert into StudyGroup (Capacity, Description, Start_Time, End_Time, CourseCode, StudentID) values (3, 'Morbi vel lectus in quam fringilla rhoncus. Mauris enim leo, rhoncus sed, vestibulum sit amet, cursus id, turpis.', '16:49', '9:32', 'BIOL101', 24);
insert into StudyGroup (Capacity, Description, Start_Time, End_Time, CourseCode, StudentID) values (15, 'Aenean fermentum. Donec ut mauris eget massa tempor convallis. Nulla neque libero, convallis eget, eleifend luctus, ultricies eu, nibh.', '16:16', '5:08', 'ENGL101', 43);
insert into StudyGroup (Capacity, Description, Start_Time, End_Time, CourseCode, StudentID) values (4, 'Vestibulum ante ipsum primis in faucibus orci luctus et ultrices posuere cubilia Curae; Donec pharetra, magna vestibulum aliquet ultrices, erat tortor sollicitudin mi, sit amet lobortis sapien sapien non mi. Integer ac neque. Duis bibendum. Morbi non quam nec dui luctus rutrum.', '1:49', '18:29', 'CHEM101', 89);
insert into StudyGroup (Capacity, Description, Start_Time, End_Time, CourseCode, StudentID) values (5, null, '2:26', '5:25', 'ENGL201', 63);
insert into StudyGroup (Capacity, Description, Start_Time, End_Time, CourseCode, StudentID) values (13, 'Duis bibendum. Morbi non quam nec dui luctus rutrum. Nulla tellus. In sagittis dui vel nisl. Duis ac nibh.', '2:18', '23:32', 'COMP101', 56);
insert into StudyGroup (Capacity, Description, Start_Time, End_Time, CourseCode, StudentID) values (14, 'Quisque id justo sit amet sapien dignissim vestibulum. Vestibulum ante ipsum primis in faucibus orci luctus et ultrices posuere cubilia Curae; Nulla dapibus dolor vel est. Donec odio justo, sollicitudin ut, suscipit a, feugiat et, eros. Vestibulum ac est lacinia nisi venenatis tristique. Fusce congue, diam id ornare imperdiet, sapien urna pretium nisl, ut volutpat sapien arcu sed augue.', '2:57', '3:31', 'MUS201', 82);
insert into StudyGroup (Capacity, Description, Start_Time, End_Time, CourseCode, StudentID) values (11, 'Etiam faucibus cursus urna. Ut tellus. Nulla ut erat id mauris vulputate elementum.', '13:21', '10:37', 'PHIL102', 37);
insert into StudyGroup (Capacity, Description, Start_Time, End_Time, CourseCode, StudentID) values (8, null, '1:32', '19:25', 'POLS102', 92);
insert into StudyGroup (Capacity, Description, Start_Time, End_Time, CourseCode, StudentID) values (4, 'Nullam orci pede, venenatis non, sodales sed, tincidunt eu, felis.', '3:00', '20:28', 'BIOL201', 57);
insert into StudyGroup (Capacity, Description, Start_Time, End_Time, CourseCode, StudentID) values (7, null, '19:38', '15:44', 'PHYS201', 56);
insert into StudyGroup (Capacity, Description, Start_Time, End_Time, CourseCode, StudentID) values (6, null, '22:58', '17:29', 'ANTH101', 49);
insert into StudyGroup (Capacity, Description, Start_Time, End_Time, CourseCode, StudentID) values (13, 'Integer non velit. Donec diam neque, vestibulum eget, vulputate ut, ultrices vel, augue. Vestibulum ante ipsum primis in faucibus orci luctus et ultrices posuere cubilia Curae; Donec pharetra, magna vestibulum aliquet ultrices, erat tortor sollicitudin mi, sit amet lobortis sapien sapien non mi. Integer ac neque.', '21:31', '0:52', 'THEA201', 23);
insert into StudyGroup (Capacity, Description, Start_Time, End_Time, CourseCode, StudentID) values (3, 'Vestibulum ante ipsum primis in faucibus orci luctus et ultrices posuere cubilia Curae; Duis faucibus accumsan odio.', '17:45', '11:58', 'ART102', 28);
insert into StudyGroup (Capacity, Description, Start_Time, End_Time, CourseCode, StudentID) values (12, 'Duis at velit eu est congue elementum. In hac habitasse platea dictumst.', '4:46', '21:57', 'PHIL102', 81);
insert into StudyGroup (Capacity, Description, Start_Time, End_Time, CourseCode, StudentID) values (7, 'Vivamus metus arcu, adipiscing molestie, hendrerit at, vulputate vitae, nisl. Aenean lectus.', '4:52', '9:43', 'POLS201', 3);
insert into StudyGroup (Capacity, Description, Start_Time, End_Time, CourseCode, StudentID) values (7, null, '8:52', '22:06', 'FREN101', 39);
insert into StudyGroup (Capacity, Description, Start_Time, End_Time, CourseCode, StudentID) values (15, 'Morbi non quam nec dui luctus rutrum. Nulla tellus. In sagittis dui vel nisl. Duis ac nibh. Fusce lacus purus, aliquet at, feugiat non, pretium quis, lectus.', '22:54', '15:07', 'SPAN201', 95);
insert into StudyGroup (Capacity, Description, Start_Time, End_Time, CourseCode, StudentID) values (8, 'Phasellus in felis. Donec semper sapien a libero. Nam dui.', '7:24', '2:40', 'BIOL102', 21);
insert into StudyGroup (Capacity, Description, Start_Time, End_Time, CourseCode, StudentID) values (11, 'Nulla ut erat id mauris vulputate elementum. Nullam varius. Nulla facilisi.', '20:53', '21:56', 'SPAN101', 3);
insert into StudyGroup (Capacity, Description, Start_Time, End_Time, CourseCode, StudentID) values (4, 'Proin leo odio, porttitor id, consequat in, consequat ut, nulla. Sed accumsan felis. Ut at dolor quis odio consequat varius. Integer ac leo.', '15:55', '13:06', 'ECON102', 76);
insert into StudyGroup (Capacity, Description, Start_Time, End_Time, CourseCode, StudentID) values (8, 'Etiam justo. Etiam pretium iaculis justo. In hac habitasse platea dictumst.', '0:39', '16:00', 'MUS102', 46);
insert into StudyGroup (Capacity, Description, Start_Time, End_Time, CourseCode, StudentID) values (5, 'Aenean lectus. Pellentesque eget nunc. Donec quis orci eget orci vehicula condimentum. Curabitur in libero ut massa volutpat convallis.', '3:01', '7:57', 'MUS201', 5);
insert into StudyGroup (Capacity, Description, Start_Time, End_Time, CourseCode, StudentID) values (4, 'Nullam molestie nibh in lectus.', '19:25', '4:08', 'REL101', 83);
insert into StudyGroup (Capacity, Description, Start_Time, End_Time, CourseCode, StudentID) values (6, 'Lorem ipsum dolor sit amet, consectetuer adipiscing elit. Proin interdum mauris non ligula pellentesque ultrices. Phasellus id sapien in sapien iaculis congue.', '5:01', '20:05', 'MATH101', 19);

insert into OfficeHours (Start_Time, End_Time, CourseCode, TA_ID) values ('5:06', '16:58', 'CHEM102', 35);
insert into OfficeHours (Start_Time, End_Time, CourseCode, TA_ID) values ('23:27', '6:35', 'ART201', 94);
insert into OfficeHours (Start_Time, End_Time, CourseCode, TA_ID) values ('15:06', '16:37', 'SPAN101', 94);
insert into OfficeHours (Start_Time, End_Time, CourseCode, TA_ID) values ('12:40', '1:00', 'ECON201', 88);
insert into OfficeHours (Start_Time, End_Time, CourseCode, TA_ID) values ('17:53', '1:43', 'ENGL201', 54);
insert into OfficeHours (Start_Time, End_Time, CourseCode, TA_ID) values ('3:51', '22:37', 'REL101', 58);
insert into OfficeHours (Start_Time, End_Time, CourseCode, TA_ID) values ('1:23', '7:16', 'CHEM201', 29);
insert into OfficeHours (Start_Time, End_Time, CourseCode, TA_ID) values ('6:39', '4:59', 'ENGL101', 84);
insert into OfficeHours (Start_Time, End_Time, CourseCode, TA_ID) values ('3:03', '4:51', 'ART101', 42);
insert into OfficeHours (Start_Time, End_Time, CourseCode, TA_ID) values ('8:41', '16:57', 'ITAL102', 89);
insert into OfficeHours (Start_Time, End_Time, CourseCode, TA_ID) values ('22:51', '4:15', 'REL101', 18);
insert into OfficeHours (Start_Time, End_Time, CourseCode, TA_ID) values ('11:35', '1:05', 'ECON101', 60);
insert into OfficeHours (Start_Time, End_Time, CourseCode, TA_ID) values ('21:04', '1:28', 'SPAN101', 46);
insert into OfficeHours (Start_Time, End_Time, CourseCode, TA_ID) values ('5:37', '14:06', 'MUS101', 50);
insert into OfficeHours (Start_Time, End_Time, CourseCode, TA_ID) values ('10:41', '10:42', 'CHEM102', 54);
insert into OfficeHours (Start_Time, End_Time, CourseCode, TA_ID) values ('0:18', '5:44', 'ANTH101', 20);
insert into OfficeHours (Start_Time, End_Time, CourseCode, TA_ID) values ('11:17', '22:45', 'ART201', 22);
insert into OfficeHours (Start_Time, End_Time, CourseCode, TA_ID) values ('9:28', '22:29', 'BIOL201', 73);
insert into OfficeHours (Start_Time, End_Time, CourseCode, TA_ID) values ('0:18', '23:56', 'BIOL101', 6);
insert into OfficeHours (Start_Time, End_Time, CourseCode, TA_ID) values ('19:08', '15:14', 'BIOL102', 16);
insert into OfficeHours (Start_Time, End_Time, CourseCode, TA_ID) values ('7:40', '6:27', 'PHIL102', 38);
insert into OfficeHours (Start_Time, End_Time, CourseCode, TA_ID) values ('17:03', '20:58', 'SPAN201', 50);
insert into OfficeHours (Start_Time, End_Time, CourseCode, TA_ID) values ('9:34', '1:53', 'POLS101', 6);
insert into OfficeHours (Start_Time, End_Time, CourseCode, TA_ID) values ('0:31', '17:18', 'ART101', 98);
insert into OfficeHours (Start_Time, End_Time, CourseCode, TA_ID) values ('11:51', '21:28', 'FREN102', 31);
insert into OfficeHours (Start_Time, End_Time, CourseCode, TA_ID) values ('9:23', '13:07', 'FREN101', 97);
insert into OfficeHours (Start_Time, End_Time, CourseCode, TA_ID) values ('3:34', '6:26', 'MATH101', 94);
insert into OfficeHours (Start_Time, End_Time, CourseCode, TA_ID) values ('21:39', '3:29', 'POLS101', 62);
insert into OfficeHours (Start_Time, End_Time, CourseCode, TA_ID) values ('17:25', '22:11', 'POLS101', 19);
insert into OfficeHours (Start_Time, End_Time, CourseCode, TA_ID) values ('17:42', '9:31', 'ITAL102', 42);
insert into OfficeHours (Start_Time, End_Time, CourseCode, TA_ID) values ('3:20', '2:03', 'THEA201', 41);
insert into OfficeHours (Start_Time, End_Time, CourseCode, TA_ID) values ('14:49', '14:57', 'ECON101', 66);
insert into OfficeHours (Start_Time, End_Time, CourseCode, TA_ID) values ('22:21', '0:35', 'CHEM102', 37);
insert into OfficeHours (Start_Time, End_Time, CourseCode, TA_ID) values ('16:31', '1:10', 'ART102', 15);
insert into OfficeHours (Start_Time, End_Time, CourseCode, TA_ID) values ('7:32', '11:01', 'CHEM201', 53);
insert into OfficeHours (Start_Time, End_Time, CourseCode, TA_ID) values ('23:56', '17:17', 'MUS101', 7);
insert into OfficeHours (Start_Time, End_Time, CourseCode, TA_ID) values ('16:11', '13:29', 'BIOL201', 14);
insert into OfficeHours (Start_Time, End_Time, CourseCode, TA_ID) values ('23:46', '21:59', 'THEA102', 25);
insert into OfficeHours (Start_Time, End_Time, CourseCode, TA_ID) values ('8:54', '23:54', 'POLS201', 8);
insert into OfficeHours (Start_Time, End_Time, CourseCode, TA_ID) values ('2:26', '17:02', 'HIST201', 48);
insert into OfficeHours (Start_Time, End_Time, CourseCode, TA_ID) values ('9:50', '0:42', 'REL101', 29);
insert into OfficeHours (Start_Time, End_Time, CourseCode, TA_ID) values ('4:24', '14:30', 'MUS102', 32);
insert into OfficeHours (Start_Time, End_Time, CourseCode, TA_ID) values ('19:23', '12:20', 'BIOL102', 44);
insert into OfficeHours (Start_Time, End_Time, CourseCode, TA_ID) values ('1:56', '8:49', 'COMP101', 15);
insert into OfficeHours (Start_Time, End_Time, CourseCode, TA_ID) values ('20:05', '2:48', 'ENGL102', 81);
insert into OfficeHours (Start_Time, End_Time, CourseCode, TA_ID) values ('22:34', '10:23', 'ART101', 31);
insert into OfficeHours (Start_Time, End_Time, CourseCode, TA_ID) values ('11:49', '2:16', 'MATH101', 40);
insert into OfficeHours (Start_Time, End_Time, CourseCode, TA_ID) values ('14:55', '7:41', 'ECON201', 65);
insert into OfficeHours (Start_Time, End_Time, CourseCode, TA_ID) values ('22:09', '2:32', 'THEA201', 11);
insert into OfficeHours (Start_Time, End_Time, CourseCode, TA_ID) values ('20:38', '14:08', 'ENGL201', 95);
insert into OfficeHours (Start_Time, End_Time, CourseCode, TA_ID) values ('23:38', '22:32', 'ITAL102', 30);
insert into OfficeHours (Start_Time, End_Time, CourseCode, TA_ID) values ('8:17', '20:55', 'ART102', 61);
insert into OfficeHours (Start_Time, End_Time, CourseCode, TA_ID) values ('15:32', '22:06', 'SPAN201', 53);
insert into OfficeHours (Start_Time, End_Time, CourseCode, TA_ID) values ('5:22', '7:03', 'MUS102', 71);
insert into OfficeHours (Start_Time, End_Time, CourseCode, TA_ID) values ('2:48', '19:04', 'PHYS201', 84);
insert into OfficeHours (Start_Time, End_Time, CourseCode, TA_ID) values ('3:07', '14:32', 'MUS101', 33);
insert into OfficeHours (Start_Time, End_Time, CourseCode, TA_ID) values ('9:11', '1:54', 'THEA101', 21);
insert into OfficeHours (Start_Time, End_Time, CourseCode, TA_ID) values ('10:33', '17:24', 'SPAN102', 11);
insert into OfficeHours (Start_Time, End_Time, CourseCode, TA_ID) values ('14:27', '15:15', 'FREN102', 83);
insert into OfficeHours (Start_Time, End_Time, CourseCode, TA_ID) values ('15:12', '4:38', 'POLS101', 15);
insert into OfficeHours (Start_Time, End_Time, CourseCode, TA_ID) values ('2:33', '19:08', 'ECON101', 89);
insert into OfficeHours (Start_Time, End_Time, CourseCode, TA_ID) values ('0:46', '9:39', 'SPAN101', 32);
insert into OfficeHours (Start_Time, End_Time, CourseCode, TA_ID) values ('23:39', '1:17', 'THEA201', 16);
insert into OfficeHours (Start_Time, End_Time, CourseCode, TA_ID) values ('17:44', '1:25', 'HIST102', 25);
insert into OfficeHours (Start_Time, End_Time, CourseCode, TA_ID) values ('10:28', '1:49', 'PHIL102', 18);
insert into OfficeHours (Start_Time, End_Time, CourseCode, TA_ID) values ('3:50', '3:26', 'THEA102', 17);
insert into OfficeHours (Start_Time, End_Time, CourseCode, TA_ID) values ('21:08', '0:17', 'ECON101', 93);
insert into OfficeHours (Start_Time, End_Time, CourseCode, TA_ID) values ('19:27', '10:38', 'MUS102', 81);
insert into OfficeHours (Start_Time, End_Time, CourseCode, TA_ID) values ('20:15', '2:10', 'ART201', 85);
insert into OfficeHours (Start_Time, End_Time, CourseCode, TA_ID) values ('22:59', '1:20', 'ECON102', 34);
insert into OfficeHours (Start_Time, End_Time, CourseCode, TA_ID) values ('20:29', '6:13', 'COMP101', 42);
insert into OfficeHours (Start_Time, End_Time, CourseCode, TA_ID) values ('18:24', '11:31', 'POLS102', 10);
insert into OfficeHours (Start_Time, End_Time, CourseCode, TA_ID) values ('23:15', '6:25', 'ENGL101', 58);
insert into OfficeHours (Start_Time, End_Time, CourseCode, TA_ID) values ('13:30', '4:58', 'MUS101', 73);
insert into OfficeHours (Start_Time, End_Time, CourseCode, TA_ID) values ('5:27', '11:44', 'THEA101', 13);
insert into OfficeHours (Start_Time, End_Time, CourseCode, TA_ID) values ('22:38', '21:41', 'CHEM102', 76);
insert into OfficeHours (Start_Time, End_Time, CourseCode, TA_ID) values ('1:49', '2:28', 'FREN102', 53);
insert into OfficeHours (Start_Time, End_Time, CourseCode, TA_ID) values ('22:03', '3:28', 'SPAN102', 67);
insert into OfficeHours (Start_Time, End_Time, CourseCode, TA_ID) values ('5:05', '18:14', 'ENGL101', 71);
insert into OfficeHours (Start_Time, End_Time, CourseCode, TA_ID) values ('0:45', '16:40', 'FREN102', 26);
insert into OfficeHours (Start_Time, End_Time, CourseCode, TA_ID) values ('17:46', '17:30', 'ANTH101', 86);
insert into OfficeHours (Start_Time, End_Time, CourseCode, TA_ID) values ('1:44', '21:28', 'MUS201', 56);
insert into OfficeHours (Start_Time, End_Time, CourseCode, TA_ID) values ('21:05', '21:56', 'ART201', 48);
insert into OfficeHours (Start_Time, End_Time, CourseCode, TA_ID) values ('10:29', '3:07', 'REL101', 59);
insert into OfficeHours (Start_Time, End_Time, CourseCode, TA_ID) values ('16:00', '8:11', 'FREN201', 42);
insert into OfficeHours (Start_Time, End_Time, CourseCode, TA_ID) values ('0:16', '20:50', 'REL101', 56);
insert into OfficeHours (Start_Time, End_Time, CourseCode, TA_ID) values ('10:51', '4:46', 'PHIL102', 58);
insert into OfficeHours (Start_Time, End_Time, CourseCode, TA_ID) values ('6:09', '17:57', 'CHEM201', 42);
insert into OfficeHours (Start_Time, End_Time, CourseCode, TA_ID) values ('19:16', '21:59', 'ECON102', 96);
insert into OfficeHours (Start_Time, End_Time, CourseCode, TA_ID) values ('21:50', '5:23', 'ITAL101', 9);
insert into OfficeHours (Start_Time, End_Time, CourseCode, TA_ID) values ('13:45', '15:58', 'FREN201', 67);
insert into OfficeHours (Start_Time, End_Time, CourseCode, TA_ID) values ('7:29', '5:10', 'HIST101', 5);
insert into OfficeHours (Start_Time, End_Time, CourseCode, TA_ID) values ('6:26', '8:59', 'SPAN101', 99);
insert into OfficeHours (Start_Time, End_Time, CourseCode, TA_ID) values ('23:22', '14:06', 'ART201', 35);
insert into OfficeHours (Start_Time, End_Time, CourseCode, TA_ID) values ('15:45', '21:00', 'FREN102', 77);
insert into OfficeHours (Start_Time, End_Time, CourseCode, TA_ID) values ('21:15', '23:06', 'THEA102', 54);
insert into OfficeHours (Start_Time, End_Time, CourseCode, TA_ID) values ('0:15', '21:04', 'HIST101', 86);
insert into OfficeHours (Start_Time, End_Time, CourseCode, TA_ID) values ('12:57', '15:22', 'MUS102', 81);
insert into OfficeHours (Start_Time, End_Time, CourseCode, TA_ID) values ('1:14', '3:38', 'ENGL201', 91);
insert into OfficeHours (Start_Time, End_Time, CourseCode, TA_ID) values ('11:15', '9:23', 'FREN201', 56);

insert into Location (BuildingName, RoomNumber, NumberOfSeats, Link) values ('Cullinane', 328, 241, null);
insert into Location (BuildingName, RoomNumber, NumberOfSeats, Link) values ('Dodge', 421, 273, null);
insert into Location (BuildingName, RoomNumber, NumberOfSeats, Link) values ('Lake Hall', 105, 91, null);
insert into Location (BuildingName, RoomNumber, NumberOfSeats, Link) values ('West Village', 5, 233, null);
insert into Location (BuildingName, RoomNumber, NumberOfSeats, Link) values ('Behrakis', 396, 19, null);
insert into Location (BuildingName, RoomNumber, NumberOfSeats, Link) values ('West Village', 288, 66, null);
insert into Location (BuildingName, RoomNumber, NumberOfSeats, Link) values ('Cullinane', 440, 175, null);
insert into Location (BuildingName, RoomNumber, NumberOfSeats, Link) values ('East Village', 45, 270, null);
insert into Location (BuildingName, RoomNumber, NumberOfSeats, Link) values ('Robinson', 344, 122, null);
insert into Location (BuildingName, RoomNumber, NumberOfSeats, Link) values ('Ell Hall', 314, 78, null);
insert into Location (BuildingName, RoomNumber, NumberOfSeats, Link) values ('Forsynth', 123, 247, null);
insert into Location (BuildingName, RoomNumber, NumberOfSeats, Link) values ('Hastings', 159, 210, null);
insert into Location (BuildingName, RoomNumber, NumberOfSeats, Link) values ('Hurtig', 434, 40, null);
insert into Location (BuildingName, RoomNumber, NumberOfSeats, Link) values ('Dodge', 249, 221, null);
insert into Location (BuildingName, RoomNumber, NumberOfSeats, Link) values ('Hurtig', 414, 100, null);
insert into Location (BuildingName, RoomNumber, NumberOfSeats, Link) values ('Dodge', 143, 61, null);
insert into Location (BuildingName, RoomNumber, NumberOfSeats, Link) values ('Forsynth', 117, 97, null);
insert into Location (BuildingName, RoomNumber, NumberOfSeats, Link) values ('Dodge', 209, 32, null);
insert into Location (BuildingName, RoomNumber, NumberOfSeats, Link) values ('Lake Hall', 59, 22, null);
insert into Location (BuildingName, RoomNumber, NumberOfSeats, Link) values ('Dodge', 432, 281, null);
insert into Location (BuildingName, RoomNumber, NumberOfSeats, Link) values ('Behrakis', 112, 238, null);
insert into Location (BuildingName, RoomNumber, NumberOfSeats, Link) values ('Hurtig', 499, 207, null);
insert into Location (BuildingName, RoomNumber, NumberOfSeats, Link) values ('Richards', 352, 113, null);
insert into Location (BuildingName, RoomNumber, NumberOfSeats, Link) values ('Robinson', 366, 27, null);
insert into Location (BuildingName, RoomNumber, NumberOfSeats, Link) values ('Lake Hall', 221, 121, null);
insert into Location (BuildingName, RoomNumber, NumberOfSeats, Link) values ('East Village', 184, 82, null);
insert into Location (BuildingName, RoomNumber, NumberOfSeats, Link) values ('Churchill', 387, 16, null);
insert into Location (BuildingName, RoomNumber, NumberOfSeats, Link) values ('Ell Hall', 471, 283, null);
insert into Location (BuildingName, RoomNumber, NumberOfSeats, Link) values ('Cullinane', 231, 90, null);
insert into Location (BuildingName, RoomNumber, NumberOfSeats, Link) values ('Mugar', 297, 229, null);
insert into Location (BuildingName, RoomNumber, NumberOfSeats, Link) values ('Shillman', 324, 230, null);
insert into Location (BuildingName, RoomNumber, NumberOfSeats, Link) values ('Snell Library', 144, 107, null);
insert into Location (BuildingName, RoomNumber, NumberOfSeats, Link) values ('Mugar', 439, 279, null);
insert into Location (BuildingName, RoomNumber, NumberOfSeats, Link) values ('Churchill', 472, 118, null);
insert into Location (BuildingName, RoomNumber, NumberOfSeats, Link) values ('ISEC', 389, 154, null);
insert into Location (BuildingName, RoomNumber, NumberOfSeats, Link) values ('Mugar', 386, 295, null);
insert into Location (BuildingName, RoomNumber, NumberOfSeats, Link) values ('Dodge', 268, 164, null);
insert into Location (BuildingName, RoomNumber, NumberOfSeats, Link) values ('Hastings', 175, 277, null);
insert into Location (BuildingName, RoomNumber, NumberOfSeats, Link) values ('Hastings', 407, 202, null);
insert into Location (BuildingName, RoomNumber, NumberOfSeats, Link) values ('Dodge', 470, 49, null);
insert into Location (BuildingName, RoomNumber, NumberOfSeats, Link) values ('Snell Library', 275, 187, null);
insert into Location (BuildingName, RoomNumber, NumberOfSeats, Link) values ('West Village', 327, 34, null);
insert into Location (BuildingName, RoomNumber, NumberOfSeats, Link) values ('Richards', 126, 151, null);
insert into Location (BuildingName, RoomNumber, NumberOfSeats, Link) values ('ISEC', 141, 199, null);
insert into Location (BuildingName, RoomNumber, NumberOfSeats, Link) values ('Curry Student Center', 88, 106, null);
insert into Location (BuildingName, RoomNumber, NumberOfSeats, Link) values ('Behrakis', 495, 150, null);
insert into Location (BuildingName, RoomNumber, NumberOfSeats, Link) values ('EXP', 161, 72, null);
insert into Location (BuildingName, RoomNumber, NumberOfSeats, Link) values ('Forsynth', 415, 279, null);
insert into Location (BuildingName, RoomNumber, NumberOfSeats, Link) values ('Behrakis', 351, 28, null);
insert into Location (BuildingName, RoomNumber, NumberOfSeats, Link) values ('Behrakis', 262, 272, null);
insert into Location (BuildingName, RoomNumber, NumberOfSeats, Link) values ('Mugar', 398, 55, null);
insert into Location (BuildingName, RoomNumber, NumberOfSeats, Link) values ('West Village', 165, 167, null);
insert into Location (BuildingName, RoomNumber, NumberOfSeats, Link) values ('Shillman', 86, 283, null);
insert into Location (BuildingName, RoomNumber, NumberOfSeats, Link) values ('Lake Hall', 36, 175, null);
insert into Location (BuildingName, RoomNumber, NumberOfSeats, Link) values ('Forsynth', 388, 261, null);
insert into Location (BuildingName, RoomNumber, NumberOfSeats, Link) values ('EXP', 481, 66, null);
insert into Location (BuildingName, RoomNumber, NumberOfSeats, Link) values ('East Village', 298, 201, null);
insert into Location (BuildingName, RoomNumber, NumberOfSeats, Link) values ('Dodge', 236, 244, null);
insert into Location (BuildingName, RoomNumber, NumberOfSeats, Link) values ('Ell Hall', 448, 44, null);
insert into Location (BuildingName, RoomNumber, NumberOfSeats, Link) values ('Snell Library', 18, 246, null);
insert into Location (BuildingName, RoomNumber, NumberOfSeats, Link) values ('Mugar', 95, 263, null);
insert into Location (BuildingName, RoomNumber, NumberOfSeats, Link) values ('Ell Hall', 451, 147, null);
insert into Location (BuildingName, RoomNumber, NumberOfSeats, Link) values ('Lake Hall', 277, 88, null);
insert into Location (BuildingName, RoomNumber, NumberOfSeats, Link) values ('ISEC', 57, 89, null);
insert into Location (BuildingName, RoomNumber, NumberOfSeats, Link) values ('EXP', 178, 257, null);
insert into Location (BuildingName, RoomNumber, NumberOfSeats, Link) values ('Hastings', 323, 81, null);
insert into Location (BuildingName, RoomNumber, NumberOfSeats, Link) values ('Hayden', 223, 198, null);
insert into Location (BuildingName, RoomNumber, NumberOfSeats, Link) values ('Cullinane', 151, 283, null);
insert into Location (BuildingName, RoomNumber, NumberOfSeats, Link) values ('Cullinane', 437, 235, null);
insert into Location (BuildingName, RoomNumber, NumberOfSeats, Link) values ('Mugar', 126, 26, null);
insert into Location (BuildingName, RoomNumber, NumberOfSeats, Link) values ('Online', null, 272, 'https://zoom.us.website/join/');
insert into Location (BuildingName, RoomNumber, NumberOfSeats, Link) values ('Online', null, 109, 'https://zoom.us.website/join/');
insert into Location (BuildingName, RoomNumber, NumberOfSeats, Link) values ('Online', null, 150, 'https://zoom.us.website/join/');
insert into Location (BuildingName, RoomNumber, NumberOfSeats, Link) values ('Online', null, 298, 'https://zoom.us.website/join/');
insert into Location (BuildingName, RoomNumber, NumberOfSeats, Link) values ('Online', null, 291, 'https://zoom.us.website/join/');
insert into Location (BuildingName, RoomNumber, NumberOfSeats, Link) values ('Online', null, 170, 'https://zoom.us.website/join/');
insert into Location (BuildingName, RoomNumber, NumberOfSeats, Link) values ('Online', null, 236, 'https://zoom.us.website/join/');
insert into Location (BuildingName, RoomNumber, NumberOfSeats, Link) values ('Online', null, 147, 'https://zoom.us.website/join/');
insert into Location (BuildingName, RoomNumber, NumberOfSeats, Link) values ('Online', null, 127, 'https://zoom.us.website/join/');
insert into Location (BuildingName, RoomNumber, NumberOfSeats, Link) values ('Online', null, 207, 'https://zoom.us.website/join/');
insert into Location (BuildingName, RoomNumber, NumberOfSeats, Link) values ('Online', null, 204, 'https://zoom.us.website/join/');
insert into Location (BuildingName, RoomNumber, NumberOfSeats, Link) values ('Online', null, 57, 'https://zoom.us.website/join/');
insert into Location (BuildingName, RoomNumber, NumberOfSeats, Link) values ('Online', null, 75, 'https://zoom.us.website/join/');
insert into Location (BuildingName, RoomNumber, NumberOfSeats, Link) values ('Online', null, 115, 'https://zoom.us.website/join/');
insert into Location (BuildingName, RoomNumber, NumberOfSeats, Link) values ('Online', null, 200, 'https://zoom.us.website/join/');
insert into Location (BuildingName, RoomNumber, NumberOfSeats, Link) values ('Online', null, 84, 'https://zoom.us.website/join/');
insert into Location (BuildingName, RoomNumber, NumberOfSeats, Link) values ('Online', null, 31, 'https://zoom.us.website/join/');
insert into Location (BuildingName, RoomNumber, NumberOfSeats, Link) values ('Online', null, 65, 'https://zoom.us.website/join/');
insert into Location (BuildingName, RoomNumber, NumberOfSeats, Link) values ('Online', null, 198, 'https://zoom.us.website/join/');
insert into Location (BuildingName, RoomNumber, NumberOfSeats, Link) values ('Online', null, 146, 'https://zoom.us.website/join/');
insert into Location (BuildingName, RoomNumber, NumberOfSeats, Link) values ('Online', null, 268, 'https://zoom.us.website/join/');
insert into Location (BuildingName, RoomNumber, NumberOfSeats, Link) values ('Online', null, 163, 'https://zoom.us.website/join/');
insert into Location (BuildingName, RoomNumber, NumberOfSeats, Link) values ('Online', null, 94, 'https://zoom.us.website/join/');
insert into Location (BuildingName, RoomNumber, NumberOfSeats, Link) values ('Online', null, 224, 'https://zoom.us.website/join/');
insert into Location (BuildingName, RoomNumber, NumberOfSeats, Link) values ('Online', null, 104, 'https://zoom.us.website/join/');
insert into Location (BuildingName, RoomNumber, NumberOfSeats, Link) values ('Online', null, 33, 'https://zoom.us.website/join/');
insert into Location (BuildingName, RoomNumber, NumberOfSeats, Link) values ('Online', null, 181, 'https://zoom.us.website/join/');
insert into Location (BuildingName, RoomNumber, NumberOfSeats, Link) values ('Online', null, 136, 'https://zoom.us.website/join/');
insert into Location (BuildingName, RoomNumber, NumberOfSeats, Link) values ('Online', null, 178, 'https://zoom.us.website/join/');
insert into Location (BuildingName, RoomNumber, NumberOfSeats, Link) values ('Online', null, 158, 'https://zoom.us.website/join/');

insert into Assignment (Title, Description, InGroups, CourseCode, TA_ID) values ('Assignment Name', 'eu orci mauris lacinia sapien quis libero nullam sit amet turpis elementum', true, 'ITAL101', 49);
insert into Assignment (Title, Description, InGroups, CourseCode, TA_ID) values ('Assignment Name', 'velit donec diam neque vestibulum eget vulputate ut ultrices vel augue vestibulum ante', true, 'ENGL102', 14);
insert into Assignment (Title, Description, InGroups, CourseCode, TA_ID) values ('Assignment Name', 'rutrum neque aenean auctor gravida sem praesent id massa id nisl venenatis lacinia aenean', false, 'ECON201', 88);
insert into Assignment (Title, Description, InGroups, CourseCode, TA_ID) values ('Assignment Name', 'sodales sed tincidunt eu felis fusce posuere felis sed lacus morbi sem mauris laoreet ut', false, 'HIST201', 18);
insert into Assignment (Title, Description, InGroups, CourseCode, TA_ID) values ('Assignment Name', 'suspendisse ornare consequat lectus in est risus auctor sed tristique in tempus sit amet', false, 'SPAN101', 16);
insert into Assignment (Title, Description, InGroups, CourseCode, TA_ID) values ('Assignment Name', 'primis in faucibus orci luctus et ultrices posuere cubilia curae nulla dapibus', true, 'ECON102', 29);
insert into Assignment (Title, Description, InGroups, CourseCode, TA_ID) values ('Assignment Name', 'massa donec dapibus duis at velit eu est congue elementum in hac habitasse platea', false, 'FREN101', 61);
insert into Assignment (Title, Description, InGroups, CourseCode, TA_ID) values ('Assignment Name', 'cubilia curae duis faucibus accumsan odio curabitur convallis duis consequat', false, 'COMP101', 28);
insert into Assignment (Title, Description, InGroups, CourseCode, TA_ID) values ('Assignment Name', 'massa id lobortis convallis tortor risus dapibus augue vel accumsan tellus nisi eu orci mauris lacinia sapien quis', true, 'REL101', 75);
insert into Assignment (Title, Description, InGroups, CourseCode, TA_ID) values ('Assignment Name', 'tincidunt nulla mollis molestie lorem quisque ut erat curabitur gravida nisi at nibh in hac habitasse', true, 'ENGL102', 52);
insert into Assignment (Title, Description, InGroups, CourseCode, TA_ID) values ('Assignment Name', 'duis at velit eu est congue elementum in hac habitasse platea dictumst', true, 'ECON201', 56);
insert into Assignment (Title, Description, InGroups, CourseCode, TA_ID) values ('Assignment Name', 'vestibulum sit amet cursus id turpis integer aliquet massa id lobortis convallis tortor risus dapibus augue vel accumsan tellus nisi', false, 'ECON102', 20);
insert into Assignment (Title, Description, InGroups, CourseCode, TA_ID) values ('Assignment Name', 'vulputate luctus cum sociis natoque penatibus et magnis dis parturient montes nascetur ridiculus mus vivamus', false, 'HIST102', 86);
insert into Assignment (Title, Description, InGroups, CourseCode, TA_ID) values ('Assignment Name', 'libero quis orci nullam molestie nibh in lectus pellentesque at nulla suspendisse potenti cras in purus eu magna vulputate', false, 'FREN101', 22);
insert into Assignment (Title, Description, InGroups, CourseCode, TA_ID) values ('Assignment Name', 'magna ac consequat metus sapien ut nunc vestibulum ante ipsum primis in faucibus orci luctus et ultrices posuere', true, 'SPAN201', 71);
insert into Assignment (Title, Description, InGroups, CourseCode, TA_ID) values ('Assignment Name', 'ultrices libero non mattis pulvinar nulla pede ullamcorper augue a suscipit nulla elit ac nulla sed vel enim sit', false, 'FREN201', 25);
insert into Assignment (Title, Description, InGroups, CourseCode, TA_ID) values ('Assignment Name', 'purus eu magna vulputate luctus cum sociis natoque penatibus et magnis dis parturient montes', false, 'ART201', 3);
insert into Assignment (Title, Description, InGroups, CourseCode, TA_ID) values ('Assignment Name', 'in quis justo maecenas rhoncus aliquam lacus morbi quis tortor id nulla ultrices aliquet maecenas leo odio condimentum', true, 'ITAL102', 33);
insert into Assignment (Title, Description, InGroups, CourseCode, TA_ID) values ('Assignment Name', 'sed magna at nunc commodo placerat praesent blandit nam nulla integer pede justo lacinia eget tincidunt eget tempus', false, 'FREN102', 95);
insert into Assignment (Title, Description, InGroups, CourseCode, TA_ID) values ('Assignment Name', 'etiam pretium iaculis justo in hac habitasse platea dictumst etiam faucibus cursus urna ut tellus', false, 'CHEM101', 65);
insert into Assignment (Title, Description, InGroups, CourseCode, TA_ID) values ('Assignment Name', 'velit id pretium iaculis diam erat fermentum justo nec condimentum neque sapien placerat ante nulla justo aliquam', false, 'ENGL101', 40);
insert into Assignment (Title, Description, InGroups, CourseCode, TA_ID) values ('Assignment Name', 'augue aliquam erat volutpat in congue etiam justo etiam pretium iaculis justo in', false, 'HIST102', 49);
insert into Assignment (Title, Description, InGroups, CourseCode, TA_ID) values ('Assignment Name', 'ut nulla sed accumsan felis ut at dolor quis odio consequat varius integer ac leo pellentesque ultrices', false, 'THEA102', 13);
insert into Assignment (Title, Description, InGroups, CourseCode, TA_ID) values ('Assignment Name', 'faucibus orci luctus et ultrices posuere cubilia curae mauris viverra diam vitae quam', false, 'ITAL201', 32);
insert into Assignment (Title, Description, InGroups, CourseCode, TA_ID) values ('Assignment Name', 'nulla ac enim in tempor turpis nec euismod scelerisque quam turpis adipiscing lorem', false, 'SPAN201', 44);
insert into Assignment (Title, Description, InGroups, CourseCode, TA_ID) values ('Assignment Name', 'ac enim in tempor turpis nec euismod scelerisque quam turpis adipiscing lorem vitae mattis nibh ligula nec sem', false, 'MUS102', 81);
insert into Assignment (Title, Description, InGroups, CourseCode, TA_ID) values ('Assignment Name', 'eget vulputate ut ultrices vel augue vestibulum ante ipsum primis in faucibus orci luctus et ultrices posuere cubilia curae', false, 'COMP101', 52);
insert into Assignment (Title, Description, InGroups, CourseCode, TA_ID) values ('Assignment Name', 'nam congue risus semper porta volutpat quam pede lobortis ligula sit amet eleifend pede', true, 'ITAL201', 16);
insert into Assignment (Title, Description, InGroups, CourseCode, TA_ID) values ('Assignment Name', 'rutrum nulla nunc purus phasellus in felis donec semper sapien', false, 'ANTH101', 94);
insert into Assignment (Title, Description, InGroups, CourseCode, TA_ID) values ('Assignment Name', 'tristique in tempus sit amet sem fusce consequat nulla nisl nunc nisl', false, 'HIST101', 31);
insert into Assignment (Title, Description, InGroups, CourseCode, TA_ID) values ('Assignment Name', 'ultrices vel augue vestibulum ante ipsum primis in faucibus orci luctus et ultrices posuere cubilia curae donec', false, 'HIST102', 23);
insert into Assignment (Title, Description, InGroups, CourseCode, TA_ID) values ('Assignment Name', 'sagittis dui vel nisl duis ac nibh fusce lacus purus aliquet at feugiat non pretium quis', false, 'ITAL201', 82);
insert into Assignment (Title, Description, InGroups, CourseCode, TA_ID) values ('Assignment Name', 'cubilia curae duis faucibus accumsan odio curabitur convallis duis consequat dui nec nisi volutpat eleifend donec ut dolor morbi', true, 'BIOL101', 35);
insert into Assignment (Title, Description, InGroups, CourseCode, TA_ID) values ('Assignment Name', 'sed accumsan felis ut at dolor quis odio consequat varius integer ac leo', true, 'ART102', 30);
insert into Assignment (Title, Description, InGroups, CourseCode, TA_ID) values ('Assignment Name', 'vitae nisi nam ultrices libero non mattis pulvinar nulla pede ullamcorper augue a suscipit nulla elit', false, 'FREN201', 40);
insert into Assignment (Title, Description, InGroups, CourseCode, TA_ID) values ('Assignment Name', 'curabitur at ipsum ac tellus semper interdum mauris ullamcorper purus sit amet nulla quisque arcu libero rutrum ac lobortis vel', true, 'FREN102', 87);
insert into Assignment (Title, Description, InGroups, CourseCode, TA_ID) values ('Assignment Name', 'lobortis sapien sapien non mi integer ac neque duis bibendum morbi non quam nec', false, 'THEA101', 33);
insert into Assignment (Title, Description, InGroups, CourseCode, TA_ID) values ('Assignment Name', 'sed vel enim sit amet nunc viverra dapibus nulla suscipit ligula in lacus curabitur at ipsum ac', true, 'FREN101', 94);
insert into Assignment (Title, Description, InGroups, CourseCode, TA_ID) values ('Assignment Name', 'vivamus in felis eu sapien cursus vestibulum proin eu mi nulla ac enim', false, 'COMP101', 56);
insert into Assignment (Title, Description, InGroups, CourseCode, TA_ID) values ('Assignment Name', 'eleifend quam a odio in hac habitasse platea dictumst maecenas ut massa quis augue', false, 'REL101', 15);
insert into Assignment (Title, Description, InGroups, CourseCode, TA_ID) values ('Assignment Name', 'morbi quis tortor id nulla ultrices aliquet maecenas leo odio condimentum id luctus nec molestie', false, 'CHEM101', 74);
insert into Assignment (Title, Description, InGroups, CourseCode, TA_ID) values ('Assignment Name', 'justo pellentesque viverra pede ac diam cras pellentesque volutpat dui maecenas tristique est et tempus semper est quam pharetra', false, 'COMP101', 51);
insert into Assignment (Title, Description, InGroups, CourseCode, TA_ID) values ('Assignment Name', 'est congue elementum in hac habitasse platea dictumst morbi vestibulum velit id pretium iaculis diam erat fermentum justo nec condimentum', true, 'MUS102', 19);
insert into Assignment (Title, Description, InGroups, CourseCode, TA_ID) values ('Assignment Name', 'orci nullam molestie nibh in lectus pellentesque at nulla suspendisse potenti cras in purus eu magna vulputate', false, 'FREN102', 87);
insert into Assignment (Title, Description, InGroups, CourseCode, TA_ID) values ('Assignment Name', 'nullam sit amet turpis elementum ligula vehicula consequat morbi a ipsum integer a nibh in quis justo maecenas rhoncus aliquam', true, 'SPAN201', 14);
insert into Assignment (Title, Description, InGroups, CourseCode, TA_ID) values ('Assignment Name', 'erat vestibulum sed magna at nunc commodo placerat praesent blandit nam nulla', true, 'THEA102', 68);
insert into Assignment (Title, Description, InGroups, CourseCode, TA_ID) values ('Assignment Name', 'porttitor pede justo eu massa donec dapibus duis at velit eu est congue elementum in hac habitasse platea dictumst', true, 'ECON101', 77);
insert into Assignment (Title, Description, InGroups, CourseCode, TA_ID) values ('Assignment Name', 'est donec odio justo sollicitudin ut suscipit a feugiat et eros', true, 'FREN102', 79);
insert into Assignment (Title, Description, InGroups, CourseCode, TA_ID) values ('Assignment Name', 'diam id ornare imperdiet sapien urna pretium nisl ut volutpat sapien arcu sed augue aliquam erat', false, 'ENGL102', 8);
insert into Assignment (Title, Description, InGroups, CourseCode, TA_ID) values ('Assignment Name', 'nulla facilisi cras non velit nec nisi vulputate nonummy maecenas tincidunt lacus at velit vivamus', true, 'CHEM102', 85);
insert into Assignment (Title, Description, InGroups, CourseCode, TA_ID) values ('Assignment Name', 'justo in hac habitasse platea dictumst etiam faucibus cursus urna ut tellus', true, 'BIOL101', 15);
insert into Assignment (Title, Description, InGroups, CourseCode, TA_ID) values ('Assignment Name', 'velit eu est congue elementum in hac habitasse platea dictumst morbi vestibulum velit id pretium iaculis diam erat fermentum', true, 'SPAN101', 9);
insert into Assignment (Title, Description, InGroups, CourseCode, TA_ID) values ('Assignment Name', 'ultrices enim lorem ipsum dolor sit amet consectetuer adipiscing elit proin interdum mauris non ligula pellentesque ultrices phasellus id', true, 'CHEM102', 88);
insert into Assignment (Title, Description, InGroups, CourseCode, TA_ID) values ('Assignment Name', 'odio justo sollicitudin ut suscipit a feugiat et eros vestibulum ac est lacinia nisi venenatis', false, 'MUS101', 97);
insert into Assignment (Title, Description, InGroups, CourseCode, TA_ID) values ('Assignment Name', 'proin at turpis a pede posuere nonummy integer non velit', true, 'SPAN101', 89);
insert into Assignment (Title, Description, InGroups, CourseCode, TA_ID) values ('Assignment Name', 'lorem ipsum dolor sit amet consectetuer adipiscing elit proin risus praesent lectus', false, 'THEA101', 92);
insert into Assignment (Title, Description, InGroups, CourseCode, TA_ID) values ('Assignment Name', 'morbi quis tortor id nulla ultrices aliquet maecenas leo odio condimentum id luctus nec molestie sed', true, 'HIST101', 78);
insert into Assignment (Title, Description, InGroups, CourseCode, TA_ID) values ('Assignment Name', 'rhoncus sed vestibulum sit amet cursus id turpis integer aliquet massa id lobortis', true, 'ITAL101', 92);
insert into Assignment (Title, Description, InGroups, CourseCode, TA_ID) values ('Assignment Name', 'velit vivamus vel nulla eget eros elementum pellentesque quisque porta volutpat erat quisque erat eros viverra eget', true, 'SPAN102', 40);
insert into Assignment (Title, Description, InGroups, CourseCode, TA_ID) values ('Assignment Name', 'euismod scelerisque quam turpis adipiscing lorem vitae mattis nibh ligula nec', true, 'ANTH101', 37);
insert into Assignment (Title, Description, InGroups, CourseCode, TA_ID) values ('Assignment Name', 'vestibulum quam sapien varius ut blandit non interdum in ante vestibulum ante ipsum primis in', true, 'MUS201', 38);
insert into Assignment (Title, Description, InGroups, CourseCode, TA_ID) values ('Assignment Name', 'lectus vestibulum quam sapien varius ut blandit non interdum in ante vestibulum ante ipsum primis in faucibus orci', true, 'PHYS201', 26);
insert into Assignment (Title, Description, InGroups, CourseCode, TA_ID) values ('Assignment Name', 'faucibus accumsan odio curabitur convallis duis consequat dui nec nisi volutpat eleifend donec ut dolor morbi vel lectus in quam', true, 'REL101', 6);
insert into Assignment (Title, Description, InGroups, CourseCode, TA_ID) values ('Assignment Name', 'phasellus id sapien in sapien iaculis congue vivamus metus arcu adipiscing molestie hendrerit at vulputate vitae nisl aenean', false, 'ECON101', 26);
insert into Assignment (Title, Description, InGroups, CourseCode, TA_ID) values ('Assignment Name', 'lorem quisque ut erat curabitur gravida nisi at nibh in', true, 'CHEM101', 11);
insert into Assignment (Title, Description, InGroups, CourseCode, TA_ID) values ('Assignment Name', 'faucibus orci luctus et ultrices posuere cubilia curae nulla dapibus dolor vel est donec odio justo sollicitudin ut', true, 'ART201', 91);
insert into Assignment (Title, Description, InGroups, CourseCode, TA_ID) values ('Assignment Name', 'diam vitae quam suspendisse potenti nullam porttitor lacus at turpis donec posuere metus', false, 'ART102', 7);
insert into Assignment (Title, Description, InGroups, CourseCode, TA_ID) values ('Assignment Name', 'duis consequat dui nec nisi volutpat eleifend donec ut dolor morbi vel lectus in quam fringilla rhoncus', false, 'CHEM102', 43);
insert into Assignment (Title, Description, InGroups, CourseCode, TA_ID) values ('Assignment Name', 'sed nisl nunc rhoncus dui vel sem sed sagittis nam congue risus semper porta', true, 'SPAN101', 83);
insert into Assignment (Title, Description, InGroups, CourseCode, TA_ID) values ('Assignment Name', 'ante vivamus tortor duis mattis egestas metus aenean fermentum donec ut mauris eget massa', true, 'MUS101', 47);
insert into Assignment (Title, Description, InGroups, CourseCode, TA_ID) values ('Assignment Name', 'praesent blandit nam nulla integer pede justo lacinia eget tincidunt eget tempus vel pede morbi porttitor lorem id', true, 'FREN101', 11);
insert into Assignment (Title, Description, InGroups, CourseCode, TA_ID) values ('Assignment Name', 'magna ac consequat metus sapien ut nunc vestibulum ante ipsum primis in', true, 'ECON101', 21);
insert into Assignment (Title, Description, InGroups, CourseCode, TA_ID) values ('Assignment Name', 'justo sit amet sapien dignissim vestibulum vestibulum ante ipsum primis in faucibus orci luctus et ultrices posuere', true, 'SPAN102', 17);
insert into Assignment (Title, Description, InGroups, CourseCode, TA_ID) values ('Assignment Name', 'pede lobortis ligula sit amet eleifend pede libero quis orci nullam', true, 'FREN101', 68);
insert into Assignment (Title, Description, InGroups, CourseCode, TA_ID) values ('Assignment Name', 'commodo placerat praesent blandit nam nulla integer pede justo lacinia eget tincidunt eget tempus vel pede morbi', true, 'SPAN101', 99);
insert into Assignment (Title, Description, InGroups, CourseCode, TA_ID) values ('Assignment Name', 'etiam vel augue vestibulum rutrum rutrum neque aenean auctor gravida sem praesent id massa id nisl', false, 'ECON201', 42);
insert into Assignment (Title, Description, InGroups, CourseCode, TA_ID) values ('Assignment Name', 'risus semper porta volutpat quam pede lobortis ligula sit amet eleifend pede libero quis', false, 'MUS102', 61);
insert into Assignment (Title, Description, InGroups, CourseCode, TA_ID) values ('Assignment Name', 'vel augue vestibulum rutrum rutrum neque aenean auctor gravida sem praesent id massa id nisl', false, 'ITAL102', 59);
insert into Assignment (Title, Description, InGroups, CourseCode, TA_ID) values ('Assignment Name', 'mattis egestas metus aenean fermentum donec ut mauris eget massa tempor convallis nulla neque libero convallis eget', true, 'CHEM102', 3);
insert into Assignment (Title, Description, InGroups, CourseCode, TA_ID) values ('Assignment Name', 'at nunc commodo placerat praesent blandit nam nulla integer pede justo lacinia eget', true, 'ITAL102', 5);
insert into Assignment (Title, Description, InGroups, CourseCode, TA_ID) values ('Assignment Name', 'phasellus in felis donec semper sapien a libero nam dui proin leo', true, 'ITAL102', 18);
insert into Assignment (Title, Description, InGroups, CourseCode, TA_ID) values ('Assignment Name', 'orci eget orci vehicula condimentum curabitur in libero ut massa volutpat convallis morbi odio odio elementum eu interdum', false, 'SPAN201', 19);
insert into Assignment (Title, Description, InGroups, CourseCode, TA_ID) values ('Assignment Name', 'massa id nisl venenatis lacinia aenean sit amet justo morbi ut odio cras mi pede malesuada in imperdiet et', true, 'POLS102', 48);
insert into Assignment (Title, Description, InGroups, CourseCode, TA_ID) values ('Assignment Name', 'mauris lacinia sapien quis libero nullam sit amet turpis elementum ligula vehicula', true, 'THEA101', 1);
insert into Assignment (Title, Description, InGroups, CourseCode, TA_ID) values ('Assignment Name', 'adipiscing elit proin risus praesent lectus vestibulum quam sapien varius ut blandit non', false, 'BIOL201', 57);
insert into Assignment (Title, Description, InGroups, CourseCode, TA_ID) values ('Assignment Name', 'nullam molestie nibh in lectus pellentesque at nulla suspendisse potenti cras in purus eu magna vulputate', true, 'ECON102', 45);
insert into Assignment (Title, Description, InGroups, CourseCode, TA_ID) values ('Assignment Name', 'purus sit amet nulla quisque arcu libero rutrum ac lobortis', true, 'BIOL102', 15);
insert into Assignment (Title, Description, InGroups, CourseCode, TA_ID) values ('Assignment Name', 'quis turpis eget elit sodales scelerisque mauris sit amet eros suspendisse accumsan tortor quis turpis sed', false, 'COMP101', 99);
insert into Assignment (Title, Description, InGroups, CourseCode, TA_ID) values ('Assignment Name', 'justo lacinia eget tincidunt eget tempus vel pede morbi porttitor lorem id ligula suspendisse', false, 'POLS102', 71);
insert into Assignment (Title, Description, InGroups, CourseCode, TA_ID) values ('Assignment Name', 'pede justo eu massa donec dapibus duis at velit eu est congue elementum in hac', true, 'MUS201', 81);
insert into Assignment (Title, Description, InGroups, CourseCode, TA_ID) values ('Assignment Name', 'in felis eu sapien cursus vestibulum proin eu mi nulla ac enim in tempor turpis nec euismod', true, 'ITAL102', 37);
insert into Assignment (Title, Description, InGroups, CourseCode, TA_ID) values ('Assignment Name', 'diam erat fermentum justo nec condimentum neque sapien placerat ante', false, 'POLS201', 96);
insert into Assignment (Title, Description, InGroups, CourseCode, TA_ID) values ('Assignment Name', 'habitasse platea dictumst maecenas ut massa quis augue luctus tincidunt nulla', false, 'FREN201', 31);
insert into Assignment (Title, Description, InGroups, CourseCode, TA_ID) values ('Assignment Name', 'sapien dignissim vestibulum vestibulum ante ipsum primis in faucibus orci luctus et', true, 'THEA201', 27);
insert into Assignment (Title, Description, InGroups, CourseCode, TA_ID) values ('Assignment Name', 'amet consectetuer adipiscing elit proin interdum mauris non ligula pellentesque ultrices phasellus id sapien in sapien iaculis congue vivamus', true, 'ECON102', 63);
insert into Assignment (Title, Description, InGroups, CourseCode, TA_ID) values ('Assignment Name', 'ultrices posuere cubilia curae nulla dapibus dolor vel est donec odio justo sollicitudin ut suscipit a', false, 'PHYS201', 88);
insert into Assignment (Title, Description, InGroups, CourseCode, TA_ID) values ('Assignment Name', 'nulla dapibus dolor vel est donec odio justo sollicitudin ut suscipit a feugiat et eros vestibulum ac', true, 'POLS201', 46);
insert into Assignment (Title, Description, InGroups, CourseCode, TA_ID) values ('Assignment Name', 'eget elit sodales scelerisque mauris sit amet eros suspendisse accumsan tortor quis turpis', true, 'POLS102', 10);
insert into Assignment (Title, Description, InGroups, CourseCode, TA_ID) values ('Assignment Name', 'in est risus auctor sed tristique in tempus sit amet sem fusce consequat', true, 'ENGL201', 56);
insert into Assignment (Title, Description, InGroups, CourseCode, TA_ID) values ('Assignment Name', 'vitae consectetuer eget rutrum at lorem integer tincidunt ante vel ipsum praesent blandit lacinia erat', false, 'ANTH101', 55);

insert into Student_Class (StudentID, CourseCode) values (65, 'ART102');
insert into Student_Class (StudentID, CourseCode) values (8, 'COMP101');
insert into Student_Class (StudentID, CourseCode) values (64, 'ENGL201');
insert into Student_Class (StudentID, CourseCode) values (61, 'CHEM201');
insert into Student_Class (StudentID, CourseCode) values (65, 'ART101');
insert into Student_Class (StudentID, CourseCode) values (24, 'BIOL101');
insert into Student_Class (StudentID, CourseCode) values (46, 'POLS201');
insert into Student_Class (StudentID, CourseCode) values (80, 'REL101');
insert into Student_Class (StudentID, CourseCode) values (30, 'ENGL101');
insert into Student_Class (StudentID, CourseCode) values (71, 'SPAN201');
insert into Student_Class (StudentID, CourseCode) values (90, 'MUS102');
insert into Student_Class (StudentID, CourseCode) values (24, 'MUS102');
insert into Student_Class (StudentID, CourseCode) values (99, 'ART101');
insert into Student_Class (StudentID, CourseCode) values (56, 'CHEM102');
insert into Student_Class (StudentID, CourseCode) values (42, 'PHYS201');
insert into Student_Class (StudentID, CourseCode) values (52, 'SPAN201');
insert into Student_Class (StudentID, CourseCode) values (77, 'HIST102');
insert into Student_Class (StudentID, CourseCode) values (33, 'CHEM201');
insert into Student_Class (StudentID, CourseCode) values (35, 'POLS201');
insert into Student_Class (StudentID, CourseCode) values (49, 'ECON102');
insert into Student_Class (StudentID, CourseCode) values (31, 'HIST201');
insert into Student_Class (StudentID, CourseCode) values (15, 'MUS102');
insert into Student_Class (StudentID, CourseCode) values (38, 'SPAN201');
insert into Student_Class (StudentID, CourseCode) values (72, 'MUS201');
insert into Student_Class (StudentID, CourseCode) values (22, 'SPAN101');
insert into Student_Class (StudentID, CourseCode) values (17, 'FREN102');
insert into Student_Class (StudentID, CourseCode) values (20, 'ITAL102');
insert into Student_Class (StudentID, CourseCode) values (98, 'ENGL201');
insert into Student_Class (StudentID, CourseCode) values (48, 'THEA201');
insert into Student_Class (StudentID, CourseCode) values (63, 'BIOL102');
insert into Student_Class (StudentID, CourseCode) values (49, 'ITAL101');
insert into Student_Class (StudentID, CourseCode) values (72, 'FREN102');
insert into Student_Class (StudentID, CourseCode) values (53, 'MUS101');
insert into Student_Class (StudentID, CourseCode) values (49, 'ECON201');
insert into Student_Class (StudentID, CourseCode) values (61, 'ART101');
insert into Student_Class (StudentID, CourseCode) values (31, 'BIOL201');
insert into Student_Class (StudentID, CourseCode) values (53, 'SPAN201');
insert into Student_Class (StudentID, CourseCode) values (71, 'REL101');
insert into Student_Class (StudentID, CourseCode) values (85, 'ENGL102');
insert into Student_Class (StudentID, CourseCode) values (33, 'COMP101');
insert into Student_Class (StudentID, CourseCode) values (64, 'POLS102');
insert into Student_Class (StudentID, CourseCode) values (42, 'ITAL101');
insert into Student_Class (StudentID, CourseCode) values (79, 'SPAN101');
insert into Student_Class (StudentID, CourseCode) values (65, 'MUS201');
insert into Student_Class (StudentID, CourseCode) values (43, 'FREN201');
insert into Student_Class (StudentID, CourseCode) values (85, 'ART102');
insert into Student_Class (StudentID, CourseCode) values (31, 'PHIL102');
insert into Student_Class (StudentID, CourseCode) values (93, 'ITAL201');
insert into Student_Class (StudentID, CourseCode) values (23, 'FREN101');
insert into Student_Class (StudentID, CourseCode) values (7, 'POLS102');
insert into Student_Class (StudentID, CourseCode) values (97, 'ENGL102');
insert into Student_Class (StudentID, CourseCode) values (12, 'PHYS201');
insert into Student_Class (StudentID, CourseCode) values (4, 'REL101');
insert into Student_Class (StudentID, CourseCode) values (26, 'POLS101');
insert into Student_Class (StudentID, CourseCode) values (97, 'POLS102');
insert into Student_Class (StudentID, CourseCode) values (16, 'HIST101');
insert into Student_Class (StudentID, CourseCode) values (90, 'FREN102');
insert into Student_Class (StudentID, CourseCode) values (58, 'SPAN201');
insert into Student_Class (StudentID, CourseCode) values (14, 'CHEM201');
insert into Student_Class (StudentID, CourseCode) values (63, 'FREN102');
insert into Student_Class (StudentID, CourseCode) values (90, 'ITAL101');
insert into Student_Class (StudentID, CourseCode) values (69, 'PHIL102');
insert into Student_Class (StudentID, CourseCode) values (27, 'FREN102');
insert into Student_Class (StudentID, CourseCode) values (39, 'FREN101');
insert into Student_Class (StudentID, CourseCode) values (56, 'ITAL101');
insert into Student_Class (StudentID, CourseCode) values (77, 'ECON201');
insert into Student_Class (StudentID, CourseCode) values (72, 'ITAL201');
insert into Student_Class (StudentID, CourseCode) values (43, 'CHEM101');
insert into Student_Class (StudentID, CourseCode) values (68, 'ART201');
insert into Student_Class (StudentID, CourseCode) values (96, 'SPAN201');
insert into Student_Class (StudentID, CourseCode) values (71, 'FREN201');
insert into Student_Class (StudentID, CourseCode) values (100, 'ITAL102');
insert into Student_Class (StudentID, CourseCode) values (91, 'ITAL201');
insert into Student_Class (StudentID, CourseCode) values (41, 'ITAL201');
insert into Student_Class (StudentID, CourseCode) values (62, 'SPAN102');
insert into Student_Class (StudentID, CourseCode) values (3, 'REL101');
insert into Student_Class (StudentID, CourseCode) values (10, 'THEA102');
insert into Student_Class (StudentID, CourseCode) values (19, 'MUS102');
insert into Student_Class (StudentID, CourseCode) values (18, 'CHEM201');
insert into Student_Class (StudentID, CourseCode) values (11, 'BIOL101');
insert into Student_Class (StudentID, CourseCode) values (46, 'ECON201');
insert into Student_Class (StudentID, CourseCode) values (39, 'ITAL102');
insert into Student_Class (StudentID, CourseCode) values (60, 'ART101');
insert into Student_Class (StudentID, CourseCode) values (13, 'HIST101');
insert into Student_Class (StudentID, CourseCode) values (53, 'ECON102');
insert into Student_Class (StudentID, CourseCode) values (23, 'MUS101');
insert into Student_Class (StudentID, CourseCode) values (98, 'MUS101');
insert into Student_Class (StudentID, CourseCode) values (63, 'PHYS201');
insert into Student_Class (StudentID, CourseCode) values (16, 'CHEM201');
insert into Student_Class (StudentID, CourseCode) values (49, 'SPAN201');
insert into Student_Class (StudentID, CourseCode) values (67, 'MATH101');
insert into Student_Class (StudentID, CourseCode) values (74, 'MUS102');
insert into Student_Class (StudentID, CourseCode) values (87, 'SPAN201');
insert into Student_Class (StudentID, CourseCode) values (98, 'ART101');
insert into Student_Class (StudentID, CourseCode) values (90, 'THEA102');
insert into Student_Class (StudentID, CourseCode) values (72, 'ENGL101');
insert into Student_Class (StudentID, CourseCode) values (28, 'ECON102');
insert into Student_Class (StudentID, CourseCode) values (42, 'FREN201');
insert into Student_Class (StudentID, CourseCode) values (49, 'CHEM201');
insert into Student_Class (StudentID, CourseCode) values (41, 'ART102');

insert into Professor_Class (FacultyID, CourseCode) values (19, 'ENGL102');
insert into Professor_Class (FacultyID, CourseCode) values (90, 'MATH101');
insert into Professor_Class (FacultyID, CourseCode) values (48, 'POLS102');
insert into Professor_Class (FacultyID, CourseCode) values (62, 'CHEM102');
insert into Professor_Class (FacultyID, CourseCode) values (47, 'BIOL201');
insert into Professor_Class (FacultyID, CourseCode) values (56, 'PHYS201');
insert into Professor_Class (FacultyID, CourseCode) values (11, 'FREN201');
insert into Professor_Class (FacultyID, CourseCode) values (92, 'CHEM101');
insert into Professor_Class (FacultyID, CourseCode) values (73, 'ITAL201');
insert into Professor_Class (FacultyID, CourseCode) values (30, 'FREN102');
insert into Professor_Class (FacultyID, CourseCode) values (93, 'ART101');
insert into Professor_Class (FacultyID, CourseCode) values (15, 'THEA102');
insert into Professor_Class (FacultyID, CourseCode) values (82, 'PHYS201');
insert into Professor_Class (FacultyID, CourseCode) values (85, 'MUS102');
insert into Professor_Class (FacultyID, CourseCode) values (20, 'ECON201');
insert into Professor_Class (FacultyID, CourseCode) values (50, 'CHEM201');
insert into Professor_Class (FacultyID, CourseCode) values (87, 'ITAL102');
insert into Professor_Class (FacultyID, CourseCode) values (83, 'REL101');
insert into Professor_Class (FacultyID, CourseCode) values (73, 'SPAN101');
insert into Professor_Class (FacultyID, CourseCode) values (43, 'BIOL101');
insert into Professor_Class (FacultyID, CourseCode) values (11, 'MUS101');
insert into Professor_Class (FacultyID, CourseCode) values (66, 'SPAN101');
insert into Professor_Class (FacultyID, CourseCode) values (26, 'ECON101');
insert into Professor_Class (FacultyID, CourseCode) values (35, 'PHYS201');
insert into Professor_Class (FacultyID, CourseCode) values (100, 'BIOL201');
insert into Professor_Class (FacultyID, CourseCode) values (30, 'BIOL201');
insert into Professor_Class (FacultyID, CourseCode) values (22, 'THEA102');
insert into Professor_Class (FacultyID, CourseCode) values (70, 'POLS201');
insert into Professor_Class (FacultyID, CourseCode) values (28, 'POLS201');
insert into Professor_Class (FacultyID, CourseCode) values (1, 'MUS102');
insert into Professor_Class (FacultyID, CourseCode) values (92, 'ECON101');
insert into Professor_Class (FacultyID, CourseCode) values (96, 'POLS201');
insert into Professor_Class (FacultyID, CourseCode) values (29, 'POLS201');
insert into Professor_Class (FacultyID, CourseCode) values (78, 'FREN102');
insert into Professor_Class (FacultyID, CourseCode) values (100, 'ITAL201');
insert into Professor_Class (FacultyID, CourseCode) values (52, 'FREN201');
insert into Professor_Class (FacultyID, CourseCode) values (91, 'CHEM201');
insert into Professor_Class (FacultyID, CourseCode) values (6, 'HIST102');
insert into Professor_Class (FacultyID, CourseCode) values (41, 'THEA201');
insert into Professor_Class (FacultyID, CourseCode) values (12, 'FREN201');
insert into Professor_Class (FacultyID, CourseCode) values (62, 'SPAN101');
insert into Professor_Class (FacultyID, CourseCode) values (34, 'BIOL201');
insert into Professor_Class (FacultyID, CourseCode) values (27, 'ART101');
insert into Professor_Class (FacultyID, CourseCode) values (61, 'COMP101');
insert into Professor_Class (FacultyID, CourseCode) values (42, 'CHEM102');
insert into Professor_Class (FacultyID, CourseCode) values (26, 'CHEM201');
insert into Professor_Class (FacultyID, CourseCode) values (4, 'ART201');
insert into Professor_Class (FacultyID, CourseCode) values (18, 'THEA101');
insert into Professor_Class (FacultyID, CourseCode) values (20, 'THEA201');
insert into Professor_Class (FacultyID, CourseCode) values (19, 'FREN102');
insert into Professor_Class (FacultyID, CourseCode) values (89, 'ART201');
insert into Professor_Class (FacultyID, CourseCode) values (82, 'POLS201');
insert into Professor_Class (FacultyID, CourseCode) values (60, 'REL101');
insert into Professor_Class (FacultyID, CourseCode) values (67, 'CHEM201');
insert into Professor_Class (FacultyID, CourseCode) values (40, 'ITAL101');
insert into Professor_Class (FacultyID, CourseCode) values (91, 'BIOL201');
insert into Professor_Class (FacultyID, CourseCode) values (53, 'THEA101');
insert into Professor_Class (FacultyID, CourseCode) values (13, 'MUS201');
insert into Professor_Class (FacultyID, CourseCode) values (8, 'HIST101');
insert into Professor_Class (FacultyID, CourseCode) values (48, 'ENGL101');
insert into Professor_Class (FacultyID, CourseCode) values (83, 'FREN101');
insert into Professor_Class (FacultyID, CourseCode) values (73, 'SPAN102');
insert into Professor_Class (FacultyID, CourseCode) values (40, 'MUS201');
insert into Professor_Class (FacultyID, CourseCode) values (60, 'PHIL102');
insert into Professor_Class (FacultyID, CourseCode) values (89, 'CHEM102');
insert into Professor_Class (FacultyID, CourseCode) values (71, 'POLS201');
insert into Professor_Class (FacultyID, CourseCode) values (94, 'BIOL101');
insert into Professor_Class (FacultyID, CourseCode) values (27, 'CHEM102');
insert into Professor_Class (FacultyID, CourseCode) values (82, 'ECON102');
insert into Professor_Class (FacultyID, CourseCode) values (18, 'ITAL101');
insert into Professor_Class (FacultyID, CourseCode) values (6, 'FREN101');
insert into Professor_Class (FacultyID, CourseCode) values (96, 'CHEM102');
insert into Professor_Class (FacultyID, CourseCode) values (4, 'ECON101');
insert into Professor_Class (FacultyID, CourseCode) values (72, 'MUS101');
insert into Professor_Class (FacultyID, CourseCode) values (72, 'HIST102');
insert into Professor_Class (FacultyID, CourseCode) values (75, 'ITAL102');
insert into Professor_Class (FacultyID, CourseCode) values (93, 'ENGL101');
insert into Professor_Class (FacultyID, CourseCode) values (36, 'CHEM201');
insert into Professor_Class (FacultyID, CourseCode) values (28, 'POLS101');
insert into Professor_Class (FacultyID, CourseCode) values (63, 'POLS201');
insert into Professor_Class (FacultyID, CourseCode) values (61, 'HIST102');

insert into StudyGroup_Location (GroupID, LocationID) values (43, 24);
insert into StudyGroup_Location (GroupID, LocationID) values (75, 55);
insert into StudyGroup_Location (GroupID, LocationID) values (53, 88);
insert into StudyGroup_Location (GroupID, LocationID) values (17, 20);
insert into StudyGroup_Location (GroupID, LocationID) values (4, 38);
insert into StudyGroup_Location (GroupID, LocationID) values (98, 1);
insert into StudyGroup_Location (GroupID, LocationID) values (48, 76);
insert into StudyGroup_Location (GroupID, LocationID) values (74, 17);
insert into StudyGroup_Location (GroupID, LocationID) values (19, 1);
insert into StudyGroup_Location (GroupID, LocationID) values (20, 4);
insert into StudyGroup_Location (GroupID, LocationID) values (29, 54);
insert into StudyGroup_Location (GroupID, LocationID) values (42, 87);
insert into StudyGroup_Location (GroupID, LocationID) values (91, 91);
insert into StudyGroup_Location (GroupID, LocationID) values (78, 64);
insert into StudyGroup_Location (GroupID, LocationID) values (33, 84);
insert into StudyGroup_Location (GroupID, LocationID) values (30, 82);
insert into StudyGroup_Location (GroupID, LocationID) values (47, 92);
insert into StudyGroup_Location (GroupID, LocationID) values (83, 82);
insert into StudyGroup_Location (GroupID, LocationID) values (17, 72);
insert into StudyGroup_Location (GroupID, LocationID) values (65, 47);
insert into StudyGroup_Location (GroupID, LocationID) values (46, 16);
insert into StudyGroup_Location (GroupID, LocationID) values (92, 99);
insert into StudyGroup_Location (GroupID, LocationID) values (42, 36);
insert into StudyGroup_Location (GroupID, LocationID) values (71, 25);
insert into StudyGroup_Location (GroupID, LocationID) values (10, 16);
insert into StudyGroup_Location (GroupID, LocationID) values (6, 73);
insert into StudyGroup_Location (GroupID, LocationID) values (89, 50);
insert into StudyGroup_Location (GroupID, LocationID) values (33, 41);
insert into StudyGroup_Location (GroupID, LocationID) values (69, 97);
insert into StudyGroup_Location (GroupID, LocationID) values (27, 58);
insert into StudyGroup_Location (GroupID, LocationID) values (34, 17);
insert into StudyGroup_Location (GroupID, LocationID) values (95, 37);
insert into StudyGroup_Location (GroupID, LocationID) values (83, 35);
insert into StudyGroup_Location (GroupID, LocationID) values (33, 52);
insert into StudyGroup_Location (GroupID, LocationID) values (57, 79);
insert into StudyGroup_Location (GroupID, LocationID) values (32, 95);
insert into StudyGroup_Location (GroupID, LocationID) values (99, 44);
insert into StudyGroup_Location (GroupID, LocationID) values (70, 48);
insert into StudyGroup_Location (GroupID, LocationID) values (58, 79);
insert into StudyGroup_Location (GroupID, LocationID) values (80, 66);
insert into StudyGroup_Location (GroupID, LocationID) values (26, 22);
insert into StudyGroup_Location (GroupID, LocationID) values (5, 97);
insert into StudyGroup_Location (GroupID, LocationID) values (94, 77);
insert into StudyGroup_Location (GroupID, LocationID) values (27, 89);
insert into StudyGroup_Location (GroupID, LocationID) values (52, 1);
insert into StudyGroup_Location (GroupID, LocationID) values (33, 55);
insert into StudyGroup_Location (GroupID, LocationID) values (63, 38);
insert into StudyGroup_Location (GroupID, LocationID) values (66, 25);
insert into StudyGroup_Location (GroupID, LocationID) values (6, 68);
insert into StudyGroup_Location (GroupID, LocationID) values (58, 16);
insert into StudyGroup_Location (GroupID, LocationID) values (33, 100);
insert into StudyGroup_Location (GroupID, LocationID) values (12, 2);
insert into StudyGroup_Location (GroupID, LocationID) values (27, 43);
insert into StudyGroup_Location (GroupID, LocationID) values (55, 58);
insert into StudyGroup_Location (GroupID, LocationID) values (48, 41);
insert into StudyGroup_Location (GroupID, LocationID) values (32, 79);
insert into StudyGroup_Location (GroupID, LocationID) values (67, 47);
insert into StudyGroup_Location (GroupID, LocationID) values (76, 90);
insert into StudyGroup_Location (GroupID, LocationID) values (85, 69);
insert into StudyGroup_Location (GroupID, LocationID) values (43, 100);
insert into StudyGroup_Location (GroupID, LocationID) values (47, 98);
insert into StudyGroup_Location (GroupID, LocationID) values (17, 96);
insert into StudyGroup_Location (GroupID, LocationID) values (70, 22);
insert into StudyGroup_Location (GroupID, LocationID) values (96, 49);
insert into StudyGroup_Location (GroupID, LocationID) values (24, 56);
insert into StudyGroup_Location (GroupID, LocationID) values (4, 36);
insert into StudyGroup_Location (GroupID, LocationID) values (57, 5);
insert into StudyGroup_Location (GroupID, LocationID) values (11, 9);
insert into StudyGroup_Location (GroupID, LocationID) values (76, 35);
insert into StudyGroup_Location (GroupID, LocationID) values (15, 99);
insert into StudyGroup_Location (GroupID, LocationID) values (87, 43);
insert into StudyGroup_Location (GroupID, LocationID) values (17, 94);
insert into StudyGroup_Location (GroupID, LocationID) values (14, 51);
insert into StudyGroup_Location (GroupID, LocationID) values (43, 85);
insert into StudyGroup_Location (GroupID, LocationID) values (54, 84);
insert into StudyGroup_Location (GroupID, LocationID) values (9, 30);
insert into StudyGroup_Location (GroupID, LocationID) values (93, 30);
insert into StudyGroup_Location (GroupID, LocationID) values (4, 16);
insert into StudyGroup_Location (GroupID, LocationID) values (91, 45);
insert into StudyGroup_Location (GroupID, LocationID) values (24, 63);
insert into StudyGroup_Location (GroupID, LocationID) values (17, 75);
insert into StudyGroup_Location (GroupID, LocationID) values (84, 58);
insert into StudyGroup_Location (GroupID, LocationID) values (44, 90);
insert into StudyGroup_Location (GroupID, LocationID) values (48, 35);
insert into StudyGroup_Location (GroupID, LocationID) values (12, 9);
insert into StudyGroup_Location (GroupID, LocationID) values (82, 60);
insert into StudyGroup_Location (GroupID, LocationID) values (99, 23);
insert into StudyGroup_Location (GroupID, LocationID) values (96, 45);
insert into StudyGroup_Location (GroupID, LocationID) values (96, 91);
insert into StudyGroup_Location (GroupID, LocationID) values (50, 57);
insert into StudyGroup_Location (GroupID, LocationID) values (28, 95);
insert into StudyGroup_Location (GroupID, LocationID) values (93, 67);
insert into StudyGroup_Location (GroupID, LocationID) values (20, 13);
insert into StudyGroup_Location (GroupID, LocationID) values (77, 58);
insert into StudyGroup_Location (GroupID, LocationID) values (98, 96);
insert into StudyGroup_Location (GroupID, LocationID) values (82, 74);
insert into StudyGroup_Location (GroupID, LocationID) values (39, 53);

insert into OfficeHours_Location (OfficeHoursID, LocationID) values (77, 5);
insert into OfficeHours_Location (OfficeHoursID, LocationID) values (83, 17);
insert into OfficeHours_Location (OfficeHoursID, LocationID) values (64, 31);
insert into OfficeHours_Location (OfficeHoursID, LocationID) values (38, 67);
insert into OfficeHours_Location (OfficeHoursID, LocationID) values (91, 37);
insert into OfficeHours_Location (OfficeHoursID, LocationID) values (84, 10);
insert into OfficeHours_Location (OfficeHoursID, LocationID) values (35, 36);
insert into OfficeHours_Location (OfficeHoursID, LocationID) values (35, 97);
insert into OfficeHours_Location (OfficeHoursID, LocationID) values (100, 43);
insert into OfficeHours_Location (OfficeHoursID, LocationID) values (27, 81);
insert into OfficeHours_Location (OfficeHoursID, LocationID) values (83, 70);
insert into OfficeHours_Location (OfficeHoursID, LocationID) values (63, 100);
insert into OfficeHours_Location (OfficeHoursID, LocationID) values (84, 65);
insert into OfficeHours_Location (OfficeHoursID, LocationID) values (11, 41);
insert into OfficeHours_Location (OfficeHoursID, LocationID) values (73, 72);
insert into OfficeHours_Location (OfficeHoursID, LocationID) values (32, 16);
insert into OfficeHours_Location (OfficeHoursID, LocationID) values (32, 28);
insert into OfficeHours_Location (OfficeHoursID, LocationID) values (78, 13);
insert into OfficeHours_Location (OfficeHoursID, LocationID) values (50, 36);
insert into OfficeHours_Location (OfficeHoursID, LocationID) values (8, 68);
insert into OfficeHours_Location (OfficeHoursID, LocationID) values (26, 94);
insert into OfficeHours_Location (OfficeHoursID, LocationID) values (12, 21);
insert into OfficeHours_Location (OfficeHoursID, LocationID) values (17, 8);
insert into OfficeHours_Location (OfficeHoursID, LocationID) values (50, 5);
insert into OfficeHours_Location (OfficeHoursID, LocationID) values (21, 69);
insert into OfficeHours_Location (OfficeHoursID, LocationID) values (43, 100);
insert into OfficeHours_Location (OfficeHoursID, LocationID) values (60, 86);
insert into OfficeHours_Location (OfficeHoursID, LocationID) values (12, 67);
insert into OfficeHours_Location (OfficeHoursID, LocationID) values (43, 31);
insert into OfficeHours_Location (OfficeHoursID, LocationID) values (22, 84);
insert into OfficeHours_Location (OfficeHoursID, LocationID) values (73, 20);
insert into OfficeHours_Location (OfficeHoursID, LocationID) values (86, 2);
insert into OfficeHours_Location (OfficeHoursID, LocationID) values (51, 47);
insert into OfficeHours_Location (OfficeHoursID, LocationID) values (62, 21);
insert into OfficeHours_Location (OfficeHoursID, LocationID) values (48, 72);
insert into OfficeHours_Location (OfficeHoursID, LocationID) values (31, 81);
insert into OfficeHours_Location (OfficeHoursID, LocationID) values (4, 29);
insert into OfficeHours_Location (OfficeHoursID, LocationID) values (59, 28);
insert into OfficeHours_Location (OfficeHoursID, LocationID) values (70, 49);
insert into OfficeHours_Location (OfficeHoursID, LocationID) values (44, 27);
insert into OfficeHours_Location (OfficeHoursID, LocationID) values (25, 76);
insert into OfficeHours_Location (OfficeHoursID, LocationID) values (47, 36);
insert into OfficeHours_Location (OfficeHoursID, LocationID) values (94, 31);
insert into OfficeHours_Location (OfficeHoursID, LocationID) values (45, 15);
insert into OfficeHours_Location (OfficeHoursID, LocationID) values (23, 36);
insert into OfficeHours_Location (OfficeHoursID, LocationID) values (21, 96);
insert into OfficeHours_Location (OfficeHoursID, LocationID) values (29, 1);
insert into OfficeHours_Location (OfficeHoursID, LocationID) values (85, 79);
insert into OfficeHours_Location (OfficeHoursID, LocationID) values (9, 43);
insert into OfficeHours_Location (OfficeHoursID, LocationID) values (47, 88);
insert into OfficeHours_Location (OfficeHoursID, LocationID) values (1, 57);
insert into OfficeHours_Location (OfficeHoursID, LocationID) values (94, 89);
insert into OfficeHours_Location (OfficeHoursID, LocationID) values (96, 7);
insert into OfficeHours_Location (OfficeHoursID, LocationID) values (34, 96);
insert into OfficeHours_Location (OfficeHoursID, LocationID) values (1, 47);
insert into OfficeHours_Location (OfficeHoursID, LocationID) values (33, 95);
insert into OfficeHours_Location (OfficeHoursID, LocationID) values (21, 46);
insert into OfficeHours_Location (OfficeHoursID, LocationID) values (48, 85);
insert into OfficeHours_Location (OfficeHoursID, LocationID) values (18, 22);
insert into OfficeHours_Location (OfficeHoursID, LocationID) values (72, 62);
insert into OfficeHours_Location (OfficeHoursID, LocationID) values (69, 33);
insert into OfficeHours_Location (OfficeHoursID, LocationID) values (31, 77);
insert into OfficeHours_Location (OfficeHoursID, LocationID) values (86, 74);
insert into OfficeHours_Location (OfficeHoursID, LocationID) values (3, 91);
insert into OfficeHours_Location (OfficeHoursID, LocationID) values (22, 39);
insert into OfficeHours_Location (OfficeHoursID, LocationID) values (12, 58);
insert into OfficeHours_Location (OfficeHoursID, LocationID) values (13, 77);
insert into OfficeHours_Location (OfficeHoursID, LocationID) values (86, 16);
insert into OfficeHours_Location (OfficeHoursID, LocationID) values (36, 4);
insert into OfficeHours_Location (OfficeHoursID, LocationID) values (97, 90);
insert into OfficeHours_Location (OfficeHoursID, LocationID) values (69, 82);
insert into OfficeHours_Location (OfficeHoursID, LocationID) values (2, 92);
insert into OfficeHours_Location (OfficeHoursID, LocationID) values (24, 49);
insert into OfficeHours_Location (OfficeHoursID, LocationID) values (56, 100);
insert into OfficeHours_Location (OfficeHoursID, LocationID) values (9, 8);
insert into OfficeHours_Location (OfficeHoursID, LocationID) values (25, 4);
insert into OfficeHours_Location (OfficeHoursID, LocationID) values (54, 38);
insert into OfficeHours_Location (OfficeHoursID, LocationID) values (99, 14);
insert into OfficeHours_Location (OfficeHoursID, LocationID) values (5, 21);
insert into OfficeHours_Location (OfficeHoursID, LocationID) values (14, 92);
insert into OfficeHours_Location (OfficeHoursID, LocationID) values (47, 6);
insert into OfficeHours_Location (OfficeHoursID, LocationID) values (61, 43);
insert into OfficeHours_Location (OfficeHoursID, LocationID) values (62, 61);
insert into OfficeHours_Location (OfficeHoursID, LocationID) values (83, 18);
insert into OfficeHours_Location (OfficeHoursID, LocationID) values (66, 24);
insert into OfficeHours_Location (OfficeHoursID, LocationID) values (13, 8);
insert into OfficeHours_Location (OfficeHoursID, LocationID) values (64, 84);
insert into OfficeHours_Location (OfficeHoursID, LocationID) values (60, 19);
insert into OfficeHours_Location (OfficeHoursID, LocationID) values (20, 50);
insert into OfficeHours_Location (OfficeHoursID, LocationID) values (70, 67);
insert into OfficeHours_Location (OfficeHoursID, LocationID) values (27, 20);
insert into OfficeHours_Location (OfficeHoursID, LocationID) values (11, 57);
insert into OfficeHours_Location (OfficeHoursID, LocationID) values (89, 49);
insert into OfficeHours_Location (OfficeHoursID, LocationID) values (60, 97);
insert into OfficeHours_Location (OfficeHoursID, LocationID) values (91, 9);
insert into OfficeHours_Location (OfficeHoursID, LocationID) values (76, 23);
insert into OfficeHours_Location (OfficeHoursID, LocationID) values (23, 78);
insert into OfficeHours_Location (OfficeHoursID, LocationID) values (43, 6);
insert into OfficeHours_Location (OfficeHoursID, LocationID) values (26, 48);
insert into OfficeHours_Location (OfficeHoursID, LocationID) values (86, 34);

insert into StudyGroup_Assignment (GroupID, AssignmentID) values (91, 64);
insert into StudyGroup_Assignment (GroupID, AssignmentID) values (41, 21);
insert into StudyGroup_Assignment (GroupID, AssignmentID) values (86, 44);
insert into StudyGroup_Assignment (GroupID, AssignmentID) values (16, 17);
insert into StudyGroup_Assignment (GroupID, AssignmentID) values (89, 60);
insert into StudyGroup_Assignment (GroupID, AssignmentID) values (49, 44);
insert into StudyGroup_Assignment (GroupID, AssignmentID) values (80, 43);
insert into StudyGroup_Assignment (GroupID, AssignmentID) values (79, 82);
insert into StudyGroup_Assignment (GroupID, AssignmentID) values (9, 11);
insert into StudyGroup_Assignment (GroupID, AssignmentID) values (66, 68);
insert into StudyGroup_Assignment (GroupID, AssignmentID) values (18, 70);
insert into StudyGroup_Assignment (GroupID, AssignmentID) values (48, 34);
insert into StudyGroup_Assignment (GroupID, AssignmentID) values (70, 81);
insert into StudyGroup_Assignment (GroupID, AssignmentID) values (34, 30);
insert into StudyGroup_Assignment (GroupID, AssignmentID) values (29, 81);
insert into StudyGroup_Assignment (GroupID, AssignmentID) values (41, 46);
insert into StudyGroup_Assignment (GroupID, AssignmentID) values (34, 70);
insert into StudyGroup_Assignment (GroupID, AssignmentID) values (20, 51);
insert into StudyGroup_Assignment (GroupID, AssignmentID) values (86, 66);
insert into StudyGroup_Assignment (GroupID, AssignmentID) values (27, 58);
insert into StudyGroup_Assignment (GroupID, AssignmentID) values (73, 74);
insert into StudyGroup_Assignment (GroupID, AssignmentID) values (93, 22);
insert into StudyGroup_Assignment (GroupID, AssignmentID) values (57, 17);
insert into StudyGroup_Assignment (GroupID, AssignmentID) values (18, 48);
insert into StudyGroup_Assignment (GroupID, AssignmentID) values (73, 22);
insert into StudyGroup_Assignment (GroupID, AssignmentID) values (68, 65);
insert into StudyGroup_Assignment (GroupID, AssignmentID) values (4, 52);
insert into StudyGroup_Assignment (GroupID, AssignmentID) values (32, 52);
insert into StudyGroup_Assignment (GroupID, AssignmentID) values (90, 74);
insert into StudyGroup_Assignment (GroupID, AssignmentID) values (43, 11);
insert into StudyGroup_Assignment (GroupID, AssignmentID) values (25, 14);
insert into StudyGroup_Assignment (GroupID, AssignmentID) values (49, 26);
insert into StudyGroup_Assignment (GroupID, AssignmentID) values (22, 28);
insert into StudyGroup_Assignment (GroupID, AssignmentID) values (20, 54);
insert into StudyGroup_Assignment (GroupID, AssignmentID) values (6, 27);
insert into StudyGroup_Assignment (GroupID, AssignmentID) values (5, 20);
insert into StudyGroup_Assignment (GroupID, AssignmentID) values (43, 35);
insert into StudyGroup_Assignment (GroupID, AssignmentID) values (40, 87);
insert into StudyGroup_Assignment (GroupID, AssignmentID) values (18, 32);
insert into StudyGroup_Assignment (GroupID, AssignmentID) values (82, 18);
insert into StudyGroup_Assignment (GroupID, AssignmentID) values (72, 39);
insert into StudyGroup_Assignment (GroupID, AssignmentID) values (16, 5);
insert into StudyGroup_Assignment (GroupID, AssignmentID) values (70, 36);
insert into StudyGroup_Assignment (GroupID, AssignmentID) values (70, 62);
insert into StudyGroup_Assignment (GroupID, AssignmentID) values (6, 62);
insert into StudyGroup_Assignment (GroupID, AssignmentID) values (85, 41);
insert into StudyGroup_Assignment (GroupID, AssignmentID) values (20, 32);
insert into StudyGroup_Assignment (GroupID, AssignmentID) values (49, 52);
insert into StudyGroup_Assignment (GroupID, AssignmentID) values (49, 54);
insert into StudyGroup_Assignment (GroupID, AssignmentID) values (64, 28);
insert into StudyGroup_Assignment (GroupID, AssignmentID) values (9, 55);
insert into StudyGroup_Assignment (GroupID, AssignmentID) values (19, 20);
insert into StudyGroup_Assignment (GroupID, AssignmentID) values (65, 8);
insert into StudyGroup_Assignment (GroupID, AssignmentID) values (74, 17);
insert into StudyGroup_Assignment (GroupID, AssignmentID) values (48, 48);
insert into StudyGroup_Assignment (GroupID, AssignmentID) values (100, 73);
insert into StudyGroup_Assignment (GroupID, AssignmentID) values (87, 61);
insert into StudyGroup_Assignment (GroupID, AssignmentID) values (79, 31);
insert into StudyGroup_Assignment (GroupID, AssignmentID) values (8, 29);
insert into StudyGroup_Assignment (GroupID, AssignmentID) values (42, 25);
insert into StudyGroup_Assignment (GroupID, AssignmentID) values (98, 73);
insert into StudyGroup_Assignment (GroupID, AssignmentID) values (91, 67);
insert into StudyGroup_Assignment (GroupID, AssignmentID) values (8, 6);
insert into StudyGroup_Assignment (GroupID, AssignmentID) values (93, 83);
insert into StudyGroup_Assignment (GroupID, AssignmentID) values (66, 23);
insert into StudyGroup_Assignment (GroupID, AssignmentID) values (10, 67);
insert into StudyGroup_Assignment (GroupID, AssignmentID) values (72, 80);
insert into StudyGroup_Assignment (GroupID, AssignmentID) values (80, 81);
insert into StudyGroup_Assignment (GroupID, AssignmentID) values (33, 51);
insert into StudyGroup_Assignment (GroupID, AssignmentID) values (93, 44);
insert into StudyGroup_Assignment (GroupID, AssignmentID) values (1, 61);
insert into StudyGroup_Assignment (GroupID, AssignmentID) values (64, 32);
insert into StudyGroup_Assignment (GroupID, AssignmentID) values (5, 18);
insert into StudyGroup_Assignment (GroupID, AssignmentID) values (2, 56);
insert into StudyGroup_Assignment (GroupID, AssignmentID) values (15, 21);
insert into StudyGroup_Assignment (GroupID, AssignmentID) values (5, 55);
insert into StudyGroup_Assignment (GroupID, AssignmentID) values (54, 46);
insert into StudyGroup_Assignment (GroupID, AssignmentID) values (32, 49);
insert into StudyGroup_Assignment (GroupID, AssignmentID) values (7, 13);
insert into StudyGroup_Assignment (GroupID, AssignmentID) values (55, 79);
insert into StudyGroup_Assignment (GroupID, AssignmentID) values (8, 55);
insert into StudyGroup_Assignment (GroupID, AssignmentID) values (73, 26);
insert into StudyGroup_Assignment (GroupID, AssignmentID) values (37, 54);
insert into StudyGroup_Assignment (GroupID, AssignmentID) values (16, 58);
insert into StudyGroup_Assignment (GroupID, AssignmentID) values (79, 64);
insert into StudyGroup_Assignment (GroupID, AssignmentID) values (11, 9);
insert into StudyGroup_Assignment (GroupID, AssignmentID) values (94, 9);
insert into StudyGroup_Assignment (GroupID, AssignmentID) values (12, 22);
insert into StudyGroup_Assignment (GroupID, AssignmentID) values (13, 8);
insert into StudyGroup_Assignment (GroupID, AssignmentID) values (41, 24);
insert into StudyGroup_Assignment (GroupID, AssignmentID) values (62, 40);
insert into StudyGroup_Assignment (GroupID, AssignmentID) values (62, 32);
insert into StudyGroup_Assignment (GroupID, AssignmentID) values (37, 32);
insert into StudyGroup_Assignment (GroupID, AssignmentID) values (54, 5);
insert into StudyGroup_Assignment (GroupID, AssignmentID) values (87, 80);
insert into StudyGroup_Assignment (GroupID, AssignmentID) values (76, 62);
insert into StudyGroup_Assignment (GroupID, AssignmentID) values (89, 54);
insert into StudyGroup_Assignment (GroupID, AssignmentID) values (26, 50);
insert into StudyGroup_Assignment (GroupID, AssignmentID) values (5, 4);
insert into StudyGroup_Assignment (GroupID, AssignmentID) values (33, 55);